domain,category,credibility_score,sources,iffy_factual,iffy_bias,iffy_score,tranco_rank,domain_age_years,domain_registered,factcheck_claims,safe_browsing_flagged,score_cat,score_iffy,score_tranco,score_age,score_factcheck,score_safebrowsing
100percentfedup.com,fake,0.057,2,L,FN,0.1,191290,14.5,2012-03-13T15:59:26Z,,,0.0,0.1,0.12,0.72,,
10news.one,unreliable,0.185,1,L,FN,0.1,,,,,,0.2,0.1,,,,
12minutos.com,fake,0.062,1,L,FN,0.1,,18.7,2008-01-13T13:49:04Z,0,,0.0,0.1,,0.93,,
163.com,mixed,0.483,1,M,FN,0.2,422,29.0,1997-09-15T04:00:00Z,,,0.5,0.2,0.56,1.0,,
16wmpo.com,fake,0.021,1,,,,,8.5,2018-03-03T19:22:21Z,,,0.0,,,0.42,,
1tv.ru,mixed,0.448,1,M,FN,0.2,7630,,,,,0.5,0.2,0.35,,,
2020conservative.com,fake,0.017,1,VL,FN,0.0,,7.0,2019-10-03T19:08:20Z,0,,0.0,0.0,,0.35,,
2020electioncenter.com,fake,0.004,1,VL,CP,0.0,,1.8,2024-11-12T19:45:24Z,,,0.0,0.0,,0.09,,
21stcenturywire.com,conspiracy,0.154,2,M,CP,0.2,158662,16.9,2009-11-03T10:46:36Z,0,,0.1,0.2,0.13,0.84,,
24jours.com,unreliable,0.198,1,L,FN,0.1,,9.0,2017-09-25T14:00:15Z,0,,0.2,0.1,,0.45,,
24newsflash.com,fake,0.0,1,,,,,,,,,0.0,,,,,
24wpn.com,fake,0.008,1,,,,,3.3,2023-05-15T04:57:03Z,0,,0.0,,,0.16,,
365usanews.com,conspiracy,0.1,1,,,,,,,,,0.1,,,,,
369news.net,mixed,0.457,1,M,CP,0.2,,10.9,2015-10-22T13:25:17Z,0,,0.5,0.2,,0.55,,
4chan.org,fake,0.069,1,VL,FN,0.0,5781,22.6,2004-02-14T15:46:26.388Z,,,0.0,0.0,0.37,1.0,,
4threvolutionarywar.wordpress.com,conspiracy,0.145,1,,,,,26.5,2000-03-03T12:13:23Z,,,0.1,,,1.0,,
70news.wordpress.com,fake,0.05,1,,,,,26.5,2000-03-03T12:13:23Z,,,0.0,,,1.0,,
79days.news,fake,0.015,1,VL,CP,0.0,,5.9,2020-11-04T16:38:23.137Z,0,,0.0,0.0,,0.3,,
82.221.129.208,fake,0.0,1,,,,,,,,,0.0,,,,,
911truth.org,unreliable,0.219,1,L,CP,0.1,328171,23.7,2003-01-14T03:26:01.739Z,,,0.2,0.1,0.08,1.0,,
9gag.com,mixed,0.47,1,M,FN,0.2,5976,18.4,2008-04-12T06:20:03Z,,,0.5,0.2,0.37,0.92,,
aanirfan.blogspot.co.uk,unreliable,0.233,1,,,,,17.1,2009-08-02T18:43:53Z,0,,0.2,,,0.86,,
aapsonline.org,unreliable,0.221,1,L,FN,0.1,183900,27.9,1998-10-27T05:00:00.281Z,,,0.2,0.1,0.12,1.0,,
aattp.org,unreliable,0.189,1,L,FN,0.1,,5.6,2021-02-19T14:30:10.325Z,,,0.2,0.1,,0.28,,
abcbusinessnews.com,fake,0.048,1,VL,FN,0.0,,19.0,2007-09-19T00:13:26Z,0,,0.0,0.0,,0.95,,
abcnews.com.co,fake,0.0,1,,,,,,,,,0.0,,,,,
abcnewsgo.co,fake,0.0,1,,,,,,,,,0.0,,,,,
abeldanger.net,conspiracy,0.1,1,,,,,2.1,2024-07-30T18:17:23Z,0,,0.1,,,0.11,,
abovetopsecret.com,conspiracy,0.15,2,L,CP,0.1,64237,29.3,1997-05-18T04:00:00Z,0,,0.1,0.1,0.2,1.0,,
abqtimes.com,fake,0.048,1,M,FN,0.2,,7.0,2019-09-04T20:54:47Z,,,0.0,0.2,,0.35,,
abriluno.com,fake,0.032,1,,,,,12.7,2014-01-14T18:07:09Z,,,0.0,,,0.64,,
acallforanuprising.com,unreliable,0.204,1,L,CP,0.1,,11.6,2015-02-09,0,,0.2,0.1,,0.58,,
aceflashman.wordpress.com,satire,0.335,1,,,,,26.5,2000-03-03T12:13:23Z,,,0.3,,,1.0,,
acpeds.org,unreliable,0.22,1,L,FN,0.1,258041,24.0,2002-09-10T13:47:41.913Z,0,,0.2,0.1,0.1,1.0,,
actforamerica.org/news,unreliable,0.2,1,,,,,,,,,0.2,,,,,
acting-man.com,conspiracy,0.16,2,M,FN,0.2,,21.7,2005-01-06T12:12:24Z,0,,0.1,0.2,,1.0,,
actionnews3.com,fake,0.028,1,VL,FN,0.0,,11.0,2015-09-25T19:41:03Z,0,,0.0,0.0,,0.55,,
activistpost.com,conspiracy,0.14,2,L,CP,0.1,84222,16.4,2010-04-23T22:20:54Z,,,0.1,0.1,0.18,0.82,,
actualidadpanamericana.com,satire,0.317,1,,,,,12.7,2014-01-05T22:48:14Z,0,,0.3,,,0.64,,
adamscountytimes.com,fake,0.048,1,M,FN,0.2,,7.0,2019-09-04T20:54:35Z,,,0.0,0.2,,0.35,,
adareporter.com,mixed,0.448,1,M,FN,0.2,,7.0,2019-09-04T20:54:35Z,0,,0.5,0.2,,0.35,,
addictinginfo.org,unreliable,0.224,1,,,,291436,16.0,2010-09-05T20:33:25.592Z,,,0.2,,0.09,0.8,,
adflegal.org,unreliable,0.213,1,L,FN,0.1,94778,15.7,2011-01-11T16:27:08.232Z,,,0.2,0.1,0.17,0.78,,
adflegal.org/media,unreliable,0.2,1,,,,,,,,,0.2,,,,,
adobochronicles.com,satire,0.318,1,,,,,13.2,2013-06-25T20:40:31Z,0,,0.3,,,0.66,,
advocate.com,mixed,0.514,1,,,,20140,32.2,1994-07-14T04:00:00Z,,,0.5,,0.28,1.0,,
ae911truth.org,mixed,0.462,1,M,CP,0.2,153524,20.0,2006-09-21T21:39:26.298Z,,,0.5,0.2,0.14,1.0,,
afa.net,unreliable,0.222,1,L,FN,0.1,142987,29.9,1996-10-06T04:00:00Z,0,,0.2,0.1,0.14,1.0,,
aflegal.org,unreliable,0.184,1,L,FN,0.1,266176,5.6,2021-02-04T12:41:29.989Z,0,,0.2,0.1,0.1,0.28,,
afn.net,unreliable,0.217,1,L,FN,0.1,591576,29.7,1997-01-18T05:00:00Z,0,,0.2,0.1,0.04,1.0,,
africanexponent.com,mixed,0.437,1,M,FN,0.2,360005,11.3,2015-06-13T15:16:45Z,0,,0.5,0.2,0.07,0.57,,
aguascalientesdailypost.com,mixed,0.445,1,M,FN,0.2,,5.9,2020-10-08T21:27:38Z,0,,0.5,0.2,,0.3,,
aheadoftheherd.com,mixed,0.525,1,,,,,20.1,2006-08-21T15:17:51Z,0,,0.5,,,1.0,,
ahtribune.com,unreliable,0.208,1,,,,871892,11.1,2015-08-23T08:08:39Z,0,,0.2,,0.01,0.55,,
aim4truth.org,fake,0.024,1,VL,CP,0.0,,9.6,2017-02-01T20:32:52.172Z,,,0.0,0.0,,0.48,,
akronreporter.com,fake,0.048,1,M,FN,0.2,,7.2,2019-06-30T20:46:41Z,,,0.0,0.2,,0.36,,
albanystandard.com,fake,0.048,1,M,FN,0.2,,7.0,2019-09-05T20:13:25Z,0,,0.0,0.2,,0.35,,
albawaba.com,mixed,0.467,1,M,FN,0.2,37277,27.3,1999-05-25T13:31:10Z,,,0.5,0.2,0.24,1.0,,
alexanderhiggins.com,mixed,0.455,1,M,CP,0.2,981968,20.5,2006-03-11T04:20:32Z,0,,0.5,0.2,0.0,1.0,,
allianceforadvancedhealth.com,mixed,0.455,1,M,CP,0.2,,9.9,2016-11-03T21:30:55Z,,,0.5,0.2,,0.49,,
allnewspipeline.com,conspiracy,0.123,2,L,FN,0.1,476599,12.2,2014-07-07T22:12:15Z,0,,0.1,0.1,0.05,0.61,,
alohastatenews.com,fake,0.048,1,M,FN,0.2,,7.0,2019-09-04T20:54:37Z,0,,0.0,0.2,,0.35,,
alphanews.org,unreliable,0.191,1,L,FN,0.1,184194,7.8,2018-12-10T16:47:51.968Z,,,0.2,0.1,0.12,0.39,,
alphanewsmn.com,unreliable,0.204,1,L,FN,0.1,,11.6,2015-02-23T17:56:10Z,0,,0.2,0.1,,0.58,,
alt-market.com,conspiracy,0.131,1,,,,639511,15.7,2010-12-19T22:40:11Z,,,0.1,,0.03,0.78,,
altermedzentrum.com,fake,0.007,1,VL,CP,0.0,,2.6,2024-01-22T03:25:37Z,,,0.0,0.0,,0.13,,
alternativemediasyndicate.com,fake,0.032,1,,,,,12.6,2014-01-23T02:33:27Z,,,0.0,,,0.63,,
alternativenews.com,unreliable,0.225,1,L,CP,0.1,,29.7,1996-12-19T05:00:00Z,0,,0.2,0.1,,1.0,,
alternet.org,mixed,0.516,1,,,,12590,31.8,1994-12-07T05:00:00Z,0,,0.5,,0.32,1.0,,
althealthworks.com,unreliable,0.21,1,L,CP,0.1,,14.1,2012-08-14T04:08:12Z,0,,0.2,0.1,,0.7,,
altleft.news,fake,0.023,1,VL,CP,0.0,,9.1,2017-08-18T18:42:39.55Z,0,,0.0,0.0,,0.45,,
altrighttv.com,unreliable,0.2,1,L,FN,0.1,,10.1,2016-08-27T23:08:56Z,0,,0.2,0.1,,0.51,,
america.cgtn.com,mixed,0.48,1,M,FN,0.2,,23.8,2002-11-15T06:47:52Z,0,,0.5,0.2,,1.0,,
americablog.com,unreliable,0.235,1,,,,227624,24.1,2002-08-01T07:55:57Z,,,0.2,,0.11,1.0,,
americanactionnews.com,fake,0.063,1,M,FN,0.2,,13.1,2013-08-07T15:47:28Z,,,0.0,0.2,,0.66,,
americanborderpatrol.com,unreliable,0.24,1,,,,,24.3,2002-06-03T22:59:09Z,0,,0.2,,,1.0,,
americancatholictribune.com,fake,0.047,1,M,FN,0.2,,6.7,2019-12-23T15:57:23Z,,,0.0,0.2,,0.34,,
americanconservativemovement.com,unreliable,0.201,1,L,FN,0.1,,10.3,2016-06-03T05:37:19Z,,,0.2,0.1,,0.52,,
americandigitalnews.com,mixed,0.453,1,M,CP,0.2,,9.3,2017-06-01T21:32:13Z,,,0.5,0.2,,0.47,,
americanfreepress.net,conspiracy,0.146,2,L,CP,0.1,201982,25.1,2001-08-02T14:44:55Z,,,0.1,0.1,0.12,1.0,,
americangulag.org,fake,0.013,1,VL,FN,0.0,,5.1,2021-08-27T16:26:13.096Z,0,,0.0,0.0,,0.26,,
americanjournalreview.com,fake,0.043,1,L,FN,0.1,,11.0,2015-09-23T16:16:43Z,,,0.0,0.1,,0.55,,
americankabuki.blogspot.com,unreliable,0.24,1,,,,,26.1,2000-07-31T21:38:58Z,0,,0.2,,,1.0,,
americanlibertyemail.com,unreliable,0.197,1,L,FN,0.1,,8.6,2018-02-17T19:01:07Z,,,0.2,0.1,,0.43,,
americanlookout.com,unreliable,0.201,2,L,FN,0.1,,10.3,2016-05-10T18:05:45Z,,,0.2,0.1,,0.52,,
americannews.com,fake,0.05,1,,,,,24.5,2002-03-22T04:59:24Z,,,0.0,,,1.0,,
americannewsx.com,mixed,0.505,1,,,,,12.0,2014-09-10T00:00:17Z,,,0.5,,,0.6,,
americanoverlook.com,fake,0.034,1,,,,,13.4,2013-05-03T14:04:38Z,,,0.0,,,0.67,,
americanpartisan.org,unreliable,0.186,1,L,FN,0.1,923132,8.4,2018-04-09T12:42:12.983Z,,,0.2,0.1,0.01,0.42,,
americanpatriotdaily.com,unreliable,0.203,2,L,FN,0.1,,11.3,2015-06-01T18:39:28Z,0,,0.2,0.1,,0.57,,
americanpeopledaily.com,unreliable,0.197,1,L,FN,0.1,,8.7,2017-12-23T17:21:37Z,0,,0.2,0.1,,0.43,,
americanpharmacynews.com,fake,0.064,1,M,FN,0.2,,13.4,2013-04-25T01:54:07Z,0,,0.0,0.2,,0.67,,
americanpolicy.org,unreliable,0.225,1,L,CP,0.1,,29.3,1997-05-28T04:00:00.663Z,,,0.2,0.1,,1.0,,
americanpoliticnews.co,fake,0.0,1,,,,,,,,,0.0,,,,,
americanpresident.co,fake,0.0,1,,,,,,,,,0.0,,,,,
americanprinciplesproject.org,unreliable,0.209,1,L,FN,0.1,914563,17.5,2009-03-30T15:27:59.573Z,0,,0.2,0.1,0.01,0.88,,
americanprogress.org,mixed,0.516,1,,,,11866,23.6,2003-02-01T16:44:23.302Z,0,,0.5,,0.32,1.0,,
americanreviewer.com,conspiracy,0.099,1,,,,,1.4,2025-04-19T12:19:34Z,0,,0.1,,,0.07,,
americansecuritynews.com,fake,0.058,1,M,FN,0.2,,11.3,2015-06-05T19:25:20Z,0,,0.0,0.2,,0.57,,
americansfortruth.com,fake,0.05,1,VL,FN,0.0,,28.6,1998-02-17T05:00:00Z,,,0.0,0.0,,1.0,,
americanthinker.com,unreliable,0.348,2,L,FN,0.1,26156,23.4,2003-04-24T01:59:25Z,1,,0.2,0.1,0.26,1.0,1.0,
americantoday.news,unreliable,0.2,1,,,,,,,,,0.2,,,,,
americantruthtoday.com,unreliable,0.194,1,L,FN,0.1,,7.6,2019-02-05T20:00:40Z,0,,0.2,0.1,,0.38,,
americaoutloud.com,unreliable,0.195,1,L,FN,0.1,611215,11.1,2015-08-03T23:26:07Z,,,0.2,0.1,0.04,0.55,,
americasfreedomfighters.com,fake,0.047,2,L,FN,0.1,,12.7,2013-12-17T10:41:40Z,0,,0.0,0.1,,0.64,,
americasfrontlinedoctors.org,unreliable,0.185,1,L,CP,0.1,291792,6.1,2020-07-28T00:47:36.756Z,0,,0.2,0.1,0.09,0.3,,
americasnewssource.com,fake,0.003,1,VL,FN,0.0,,1.2,2025-06-27T03:53:43Z,0,,0.0,0.0,,0.06,,
amestoday.com,fake,0.048,1,M,FN,0.2,,7.2,2019-06-30T20:46:10Z,0,,0.0,0.2,,0.36,,
amg-news.com,fake,0.024,1,VL,CP,0.0,298574,7.8,2018-11-10T11:15:40Z,0,,0.0,0.0,0.09,0.39,,
amic.ru,mixed,0.441,1,M,FN,0.2,42613,,,,,0.5,0.2,0.23,,,
ammoland.com,mixed,0.508,1,,,,104618,20.5,2006-03-24T23:16:55Z,,,0.5,,0.16,1.0,,
amoskeagtimes.com,fake,0.041,1,M,FN,0.2,,4.6,2022-02-15T19:23:08Z,,,0.0,0.2,,0.23,,
amplifyingglass.com,unreliable,0.221,1,,,,,12.5,2014-04-03T06:46:12Z,0,,0.2,,,0.62,,
amposts.com,fake,0.001,1,,,,,0.4,2026-05-03T18:04:27Z,0,,0.0,,,0.02,,
amren.com,unreliable,0.222,2,L,FN,0.1,129962,31.1,1995-08-11T04:00:00Z,0,,0.2,0.1,0.15,1.0,,
amtvmedia.com,unreliable,0.211,2,L,CP,0.1,,14.6,2012-01-31T01:23:02Z,0,,0.2,0.1,,0.73,,
amusmentic.com,unreliable,0.2,1,,,,,,,,,0.2,,,,,
analyzingamerica.org,mixed,0.45,1,M,FN,0.2,,7.9,2018-10-10T15:30:54.057Z,,,0.5,0.2,,0.4,,
ancient-code.com,fake,0.068,2,M,CP,0.2,362699,13.7,2012-12-15T23:31:34Z,,,0.0,0.2,0.07,0.68,,
ancient-origins.net,mixed,0.453,1,M,CP,0.2,25275,13.8,2012-11-16T19:39:21Z,,,0.5,0.2,0.27,0.69,,
andersoninstitute.com,mixed,0.448,1,M,CP,0.2,,7.2,2019-07-03T18:47:42Z,,,0.5,0.2,,0.36,,
andersonreporter.com,fake,0.048,1,M,FN,0.2,,7.0,2019-09-05T20:13:48Z,0,,0.0,0.2,,0.35,,
andmagazine.com,mixed,0.472,1,M,CP,0.2,,17.0,2009-09-25T06:54:54Z,,,0.5,0.2,,0.85,,
anews-24.com,fake,0.013,1,VL,FN,0.0,,5.0,2021-09-30T11:54:31Z,0,,0.0,0.0,,0.25,,
anews24.org/,fake,0.0,1,,,,,,,0,,0.0,,,,,
anewspost.com,mixed,0.448,1,M,CP,0.2,,7.2,2019-06-24T15:00:40Z,,,0.5,0.2,,0.36,,
angrypatriotmovement.com,fake,0.027,1,,,,,10.7,2015-12-30T18:22:39Z,,,0.0,,,0.53,,
anh-usa.org,mixed,0.451,1,M,CP,0.2,328526,16.9,2009-10-15T17:53:02Z,0,,0.5,0.2,0.08,0.84,,
anhinternational.org,mixed,0.449,1,M,CP,0.2,874661,17.4,2009-04-30T17:35:37Z,0,,0.5,0.2,0.01,0.87,,
annarbortimes.com,fake,0.048,1,M,FN,0.2,,7.2,2019-06-30T20:46:07Z,,,0.0,0.2,,0.36,,
annearundeltoday.com,fake,0.051,1,M,FN,0.2,,8.4,2018-04-04T21:46:08Z,0,,0.0,0.2,,0.42,,
anokatimes.com,fake,0.048,1,M,FN,0.2,,7.2,2019-07-03T17:53:30Z,0,,0.0,0.2,,0.36,,
anonews.co,unreliable,0.2,2,M,FN,0.2,,,,,,0.2,0.2,,,,
anonhq.com,fake,0.034,2,VL,CP,0.0,471404,12.4,2014-04-11T03:58:14Z,0,,0.0,0.0,0.05,0.62,,
anonjekloy.tk,fake,0.0,1,,,,,,,,,0.0,,,,,
anonnews.co,unreliable,0.2,1,,,,,,,,,0.2,,,,,
anonymouswire.com,unreliable,0.187,1,L,FN,0.1,,4.7,2022-01-12T12:50:46Z,0,,0.2,0.1,,0.24,,
anotherdayintheempire.com,conspiracy,0.12,1,,,,,10.1,2016-08-02T03:20:26Z,,,0.1,,,0.51,,
antelopevalleytoday.com,fake,0.048,1,M,FN,0.2,,7.0,2019-08-30T15:05:39Z,,,0.0,0.2,,0.35,,
antiwar.com,unreliable,0.362,1,,,,33762,30.8,1995-12-09T05:00:00Z,1,,0.2,,0.25,1.0,1.0,
antoniusaquinas.wp.com,conspiracy,0.145,1,,,,,29.5,1997-03-28T05:00:00Z,0,,0.1,,,1.0,,
anyavien.com,fake,0.026,1,VL,CP,0.0,,10.3,2016-06-13T17:49:35Z,,,0.0,0.0,,0.52,,
arabnews.com,mixed,0.471,1,M,FN,0.2,10516,30.6,1996-02-26T05:00:00Z,0,,0.5,0.2,0.33,1.0,,
archaeology-world.com,mixed,0.449,1,M,FN,0.2,,7.7,2018-12-30T09:27:30Z,0,,0.5,0.2,,0.39,,
arizonaindependent.com,fake,0.046,1,M,FN,0.2,,6.3,2020-05-14T18:21:55Z,0,,0.0,0.2,,0.32,,
arizonasuntimes.com,fake,0.043,1,M,FN,0.2,,5.4,2021-04-09T15:30:19Z,0,,0.0,0.2,,0.27,,
aryannationswordwide1488.org,unreliable,0.2,1,,,,,,,,,0.2,,,,,
ashevillereporter.com,fake,0.063,1,M,,0.3,,7.2,2019-06-30T20:46:03Z,,,0.0,0.3,,0.36,,
asia-pacificresearch.com,unreliable,0.218,2,M,CP,0.2,,11.4,2015-04-29T15:19:57Z,,,0.2,0.2,,0.57,,
askingangels.com,fake,0.035,1,VL,CP,0.0,,14.1,2012-08-17T07:33:40Z,,,0.0,0.0,,0.7,,
assassinationscience.com,conspiracy,0.145,2,L,CP,0.1,,28.6,1998-01-21T05:00:00Z,0,,0.1,0.1,,1.0,,
associatedmediacoverage.com,satire,0.311,1,,,,,10.6,2016-02-19T02:06:25Z,0,,0.3,,,0.53,,
athensreporter.com,fake,0.048,1,M,FN,0.2,,7.0,2019-09-05T20:13:44Z,,,0.0,0.2,,0.35,,
atlanticcotimes.com,fake,0.047,1,M,FN,0.2,,6.9,2019-10-15T14:55:10Z,,,0.0,0.2,,0.35,,
atlstandard.com,fake,0.048,1,M,FN,0.2,,7.0,2019-09-05T20:13:45Z,,,0.0,0.2,,0.35,,
attn.com,unreliable,0.235,1,,,,232038,24.8,2001-11-14T19:06:12Z,,,0.2,,0.11,1.0,,
auburntimes.com,fake,0.048,1,M,FN,0.2,,7.0,2019-09-05T20:13:42Z,0,,0.0,0.2,,0.35,,
augustarichmondherald.com,fake,0.041,1,M,FN,0.2,,4.6,2022-02-07T16:55:18Z,,,0.0,0.2,,0.23,,
aurora-news.us,fake,0.0,1,,,,,,,,,0.0,,,,,
australiannationalreview.com,unreliable,0.195,1,L,CP,0.1,884039,12.0,2014-10-01T23:52:01Z,0,,0.2,0.1,0.01,0.6,,
australiaoneparty.com,unreliable,0.193,1,L,FN,0.1,,7.0,2019-09-10T02:48:53Z,0,,0.2,0.1,,0.35,,
autismspeaks.org,unreliable,0.26,1,MF,CP,0.3,16004,21.8,2004-12-14T22:16:13.547Z,,,0.2,0.3,0.3,1.0,,
automaticearth.com,unreliable,0.229,1,,,,,15.7,2010-12-31T19:23:59Z,0,,0.2,,,0.78,,
automotostar.com,unreliable,0.2,1,,,,,,,,,0.2,,,,,
avoiceformen.com,unreliable,0.21,1,L,FN,0.1,525935,17.1,2009-07-22T00:53:16Z,0,,0.2,0.1,0.05,0.86,,
awarenessact.com,fake,0.051,2,L,CP,0.1,906709,14.1,2012-08-15T14:20:09Z,0,,0.0,0.1,0.01,0.7,,
awazetribune.com,satire,0.3,1,,,,,,,,,0.3,,,,,
awdnews.com,conspiracy,0.132,1,,,,,14.7,2012-01-16T03:10:00Z,0,,0.1,,,0.73,,
awm.com,unreliable,0.24,2,M,FN,0.2,,31.0,1995-08-31T04:00:00Z,,,0.2,0.2,,1.0,,
azcatholictribune.com,fake,0.046,1,M,FN,0.2,,6.5,2020-03-30T17:39:20Z,0,,0.0,0.2,,0.33,,
baldwintimes.com,fake,0.048,1,M,FN,0.2,,7.0,2019-09-05T20:13:32Z,0,,0.0,0.2,,0.35,,
baltimorecitywire.com,fake,0.051,1,M,FN,0.2,,8.4,2018-04-04T21:46:07Z,,,0.0,0.2,,0.42,,
banned.video,fake,0.023,1,VL,CP,0.0,251749,7.2,2019-07-04T02:21:05.093Z,0,,0.0,0.0,0.1,0.36,,
bannedbook.org,mixed,0.45,1,M,FN,0.2,165035,15.3,2011-06-12T04:09:19.551Z,,,0.5,0.2,0.13,0.77,,
baptistnews.com,mixed,0.508,1,,,,100351,23.2,2003-07-19T18:06:29Z,,,0.5,,0.17,1.0,,
barenakedislam.com,fake,0.064,2,L,FN,0.1,435340,18.2,2008-07-09T06:05:05Z,,,0.0,0.1,0.06,0.91,,
barnesreview.org,unreliable,0.24,1,,,,,29.4,1997-04-25T04:00:00Z,0,,0.2,,,1.0,,
basnews.com,mixed,0.447,1,M,FN,0.2,377753,15.4,2011-04-26T18:24:21Z,,,0.5,0.2,0.07,0.77,,
batonrougereporter.com,fake,0.048,1,M,FN,0.2,,7.0,2019-09-05T20:13:49Z,,,0.0,0.2,,0.35,,
battlecreektimes.com,fake,0.048,1,M,FN,0.2,,7.2,2019-06-30T20:46:19Z,0,,0.0,0.2,,0.36,,
baystatenews.com,fake,0.047,1,M,FN,0.2,,6.9,2019-10-15T14:55:27Z,,,0.0,0.2,,0.35,,
bb4sp.com,fake,0.044,2,L,FN,0.1,,11.5,2015-03-15T14:25:14Z,0,,0.0,0.1,,0.57,,
bdnews24.com,mixed,0.545,1,M,FN,0.2,16642,22.0,2004-08-28T04:23:26Z,1,,0.5,0.2,0.3,1.0,1.0,
beachbroadcastnews.com,fake,0.014,1,VL,FN,0.0,,5.5,2021-02-28T06:34:21Z,,,0.0,0.0,,0.28,,
beantowntimes.com,fake,0.047,1,M,FN,0.2,,6.9,2019-10-15T14:55:23Z,,,0.0,0.2,,0.35,,
beaverstatenews.com,fake,0.048,1,M,FN,0.2,,7.0,2019-09-04T20:54:45Z,,,0.0,0.2,,0.35,,
beckernews.com,unreliable,0.18,1,L,FN,0.1,857398,5.8,2020-12-05T21:10:50Z,0,,0.2,0.1,0.01,0.29,,
beehivebugle.com,satire,0.318,1,,,,,13.2,2013-06-25T03:01:21Z,,,0.3,,,0.66,,
beforeitsnews.com,fake,0.076,2,L,FN,0.1,25407,19.0,2007-09-15T06:00:25Z,0,,0.0,0.1,0.27,0.95,,
beholdisrael.org,mixed,0.462,1,M,CP,0.2,,12.9,2013-10-30T20:43:00.327Z,,,0.5,0.2,,0.65,,
bentontimes.com,fake,0.048,1,M,FN,0.2,,7.0,2019-09-05T20:13:32Z,,,0.0,0.2,,0.35,,
bestnewshere.com,fake,0.022,1,VL,CP,0.0,,8.6,2018-02-07T10:11:42Z,,,0.0,0.0,,0.43,,
betootaadvocate.com,satire,0.409,1,,,,329005,12.0,2014-10-02T07:17:29Z,1,,0.3,,0.08,0.6,1.0,
bients.com,unreliable,0.216,1,,,,,10.4,2016-04-23T09:16:43Z,0,,0.2,,,0.52,,
bigamericannews.com,fake,0.03,1,,,,,12.1,2014-08-27T16:18:37Z,,,0.0,,,0.6,,
bigbluedimension.com,unreliable,0.2,1,,,,,,,,,0.2,,,,,
bigbluevision.com,unreliable,0.193,1,,,,,1.1,2025-08-06T13:25:40Z,0,,0.2,,,0.06,,
bigbluevision.org,unreliable,0.2,1,,,,,,,,,0.2,,,,,
biggovernment.news,fake,0.028,1,VL,CP,0.0,,11.2,2015-07-15T17:00:14.027Z,0,,0.0,0.0,,0.56,,
bighairynews.com,fake,0.05,1,,,,,22.2,2004-07-14T00:00:30Z,,,0.0,,,1.0,,
bigislandtimes.com,fake,0.048,1,M,FN,0.2,,7.0,2019-09-04T20:54:31Z,,,0.0,0.2,,0.35,,
bigleaguepolitics.com,fake,0.196,1,L,FN,0.1,269607,10.4,2016-04-30T13:28:15Z,1,,0.0,0.1,0.09,0.52,1.0,
bignuggetnews.com,unreliable,0.2,1,,,,,,,,,0.2,,,,,
bigskytimes.com,fake,0.048,1,M,FN,0.2,,7.2,2019-06-30T20:45:50Z,0,,0.0,0.2,,0.36,,
billionbibles.org,fake,0.048,1,VL,FN,0.0,,19.1,2007-07-25T07:58:34Z,,,0.0,0.0,,0.96,,
biodefense.com,fake,0.05,1,VL,CP,0.0,,27.6,1999-02-01T05:00:00Z,0,,0.0,0.0,,1.0,,
biologos.org,mixed,0.46,1,M,CP,0.2,194946,19.6,2007-02-04T14:32:34.574Z,,,0.5,0.2,0.12,0.98,,
bioscienceresource.org,mixed,0.48,1,M,CP,0.2,,20.6,2006-01-28T00:16:53Z,0,,0.5,0.2,,1.0,,
bipartisanreport.com,fake,0.051,2,L,FN,0.1,,14.6,2012-02-09T02:23:25Z,,,0.0,0.1,,0.73,,
bitchute.com,fake,0.198,1,VL,FN,0.0,7910,12.3,2014-05-29T01:47:54Z,1,,0.0,0.0,0.35,0.61,1.0,
blackagendareport.com,unreliable,0.237,1,,,,139326,20.3,2006-06-09T18:41:57Z,0,,0.2,,0.14,1.0,,
blackeyepolitics.com,unreliable,0.196,1,L,FN,0.1,,8.5,2018-03-13T15:29:10Z,,,0.2,0.1,,0.42,,
blackgenocide.org,conspiracy,0.145,2,L,FN,0.1,,25.0,2001-09-19T00:19:49Z,0,,0.1,0.1,,1.0,,
blackinusrancenews.com,fake,0.0,1,,,,,,,,,0.0,,,,,
blacklistednews.com,unreliable,0.235,2,M,CP,0.2,239468,20.5,2006-03-01T07:01:32Z,0,,0.2,0.2,0.1,1.0,,
blacknews.com,mixed,0.459,1,M,FN,0.2,351324,28.0,1998-08-30T04:00:00Z,,,0.5,0.2,0.08,1.0,,
blckbx.tv,fake,0.015,1,VL,CP,0.0,,5.9,2020-10-13T18:29:22Z,0,,0.0,0.0,,0.3,,
blingnews.com,fake,0.027,1,L,FN,0.1,,4.9,2021-10-31T18:11:37Z,0,,0.0,0.1,,0.25,,
bloomingtonleader.com,fake,0.048,1,M,FN,0.2,,7.0,2019-09-05T20:13:48Z,,,0.0,0.2,,0.35,,
bluegrasstimes.com,fake,0.048,1,M,FN,0.2,,7.0,2019-09-04T20:54:38Z,,,0.0,0.2,,0.35,,
bluenationreview.com,unreliable,0.221,1,,,,,12.4,2014-04-25T00:59:13Z,0,,0.2,,,0.62,,
bluestatebluesnews.com,mixed,0.444,1,M,FN,0.2,,5.7,2020-12-16T20:58:40Z,,,0.5,0.2,,0.29,,
bluntforcetruth.com,unreliable,0.205,1,L,FN,0.1,,12.1,2014-08-08T13:01:27Z,,,0.2,0.1,,0.6,,
boilingfrogspost.com,unreliable,0.191,1,,,,716508,3.8,2022-11-27T19:24:55Z,0,,0.2,,0.02,0.19,,
boisecitywire.com,mixed,0.448,1,M,FN,0.2,,7.0,2019-09-04T20:54:41Z,0,,0.5,0.2,,0.35,,
bongino.com,mixed,0.456,1,M,FN,0.2,316328,18.6,2008-02-04T00:04:19Z,0,,0.5,0.2,0.08,0.93,,
bonsens.info,unreliable,0.19,1,L,CP,0.1,,6.0,2020-10-02T16:45:19.861Z,,,0.2,0.1,,0.3,,
borderlandalternativemedia.com,unreliable,0.185,1,L,FN,0.1,,4.1,2022-08-16T18:06:43Z,0,,0.2,0.1,,0.2,,
borowitzreport.com,satire,0.323,1,,,,499401,25.6,2001-01-23T13:25:09Z,,,0.3,,0.05,1.0,,
bossip.com,mixed,0.463,1,M,FN,0.2,97477,20.5,2006-03-30T06:05:51Z,0,,0.5,0.2,0.17,1.0,,
bostonbroadside.com,mixed,0.461,1,M,FN,0.2,,12.4,2014-04-20T01:31:23Z,0,,0.5,0.2,,0.62,,
bostonleader.com,fake,0.025,1,,,,,10.0,2016-09-09T22:09:26Z,0,,0.0,,,0.5,,
bostontribune.com,fake,0.042,1,,,,,16.6,2010-02-19T19:49:46Z,0,,0.0,,,0.83,,
boulderleader.com,fake,0.048,1,M,FN,0.2,,7.0,2019-09-04T20:54:47Z,,,0.0,0.2,,0.35,,
bowlinggreentoday.com,fake,0.048,1,M,FN,0.2,,7.0,2019-09-04T20:54:43Z,0,,0.0,0.2,,0.35,,
brandnewtube.com,fake,0.02,1,VL,CP,0.0,315055,6.4,2020-05-06T14:40:26Z,0,,0.0,0.0,0.08,0.32,,
bransontimes.com,fake,0.048,1,M,FN,0.2,,7.2,2019-07-03T17:53:22Z,0,,0.0,0.2,,0.36,,
breaking911.com,fake,0.041,2,VL,FN,0.0,465063,15.1,2011-08-19T19:34:12Z,,,0.0,0.0,0.06,0.76,,
breakingchristiannews.com,unreliable,0.225,1,L,FN,0.1,,21.8,2004-12-10T05:11:49Z,0,,0.2,0.1,,1.0,,
breakingfirst.com,unreliable,0.197,1,L,FN,0.1,,8.7,2018-01-05T23:37:46Z,0,,0.2,0.1,,0.43,,
breakingnews247.net,fake,0.04,1,L,FN,0.1,,9.9,2016-10-22T09:37:10Z,0,,0.0,0.1,,0.49,,
breakingwide.com,mixed,0.447,1,M,FN,0.2,,6.8,2019-11-12T10:30:56Z,0,,0.5,0.2,,0.34,,
breakpoint.org,unreliable,0.235,1,,,,232917,29.8,1996-12-05T05:00:00Z,,,0.2,,0.11,1.0,,
breitbart.com,fake,0.18,2,M,FN,0.2,5368,27.5,1999-03-14T05:00:00Z,6,,0.0,0.2,0.38,1.0,0.54,
brevardsun.com,fake,0.048,1,M,FN,0.2,,7.2,2019-07-03T17:53:31Z,,,0.0,0.2,,0.36,,
bridgeporttimes.com,fake,0.048,1,M,FN,0.2,,7.0,2019-09-05T20:13:47Z,0,,0.0,0.2,,0.35,,
brighteon.com,fake,0.032,1,VL,CP,0.0,37137,8.2,2018-07-06T22:24:06Z,,,0.0,0.0,0.24,0.41,,
brightside.me,mixed,0.448,1,M,CP,0.2,6911,,,,,0.5,0.2,0.36,,,
bristolreporter.com,fake,0.047,1,M,FN,0.2,,6.9,2019-10-15T14:55:25Z,0,,0.0,0.2,,0.35,,
britainfirst.org,unreliable,0.214,1,L,FN,0.1,,15.7,2011-01-04T12:20:06.154Z,0,,0.2,0.1,,0.78,,
brotherjohnf.com,conspiracy,0.117,1,,,,,8.6,2018-02-18T19:56:27Z,0,,0.1,,,0.43,,
buckeyereporter.com,fake,0.063,1,M,,0.3,,7.2,2019-06-30T20:46:37Z,0,,0.0,0.3,,0.36,,
buckscountystandard.com,fake,0.041,1,M,FN,0.2,,4.6,2022-02-07T16:55:10Z,0,,0.0,0.2,,0.23,,
buffalochronicle.com,fake,0.06,1,M,FN,0.2,,12.2,2014-06-17T00:32:45Z,0,,0.0,0.2,,0.61,,
buffaloledger.com,fake,0.047,1,M,FN,0.2,,6.9,2019-10-15T14:55:11Z,0,,0.0,0.2,,0.35,,
bugout.news,fake,0.028,1,VL,CP,0.0,,11.1,2015-08-05T05:45:58.883Z,,,0.0,0.0,,0.55,,
bullionbullscanada.com,conspiracy,0.139,1,,,,,17.7,2009-01-06T21:37:11Z,0,,0.1,,,0.89,,
burlingtonreporter.com,fake,0.048,1,M,FN,0.2,,7.2,2019-06-30T20:46:38Z,0,,0.0,0.2,,0.36,,
burlingtonreview.com,fake,0.047,1,M,FN,0.2,,6.9,2019-10-15T14:55:14Z,,,0.0,0.2,,0.35,,
burrardstreetjournal.com,satire,0.311,1,,,,,10.4,2016-04-07T21:26:44Z,0,,0.3,,,0.52,,
businessdailynetwork.com/states/ak,mixed,0.455,1,M,FN,0.2,,,,,,0.5,0.2,,,,
businessdailynetwork.com/states/al,mixed,0.455,1,M,FN,0.2,,,,,,0.5,0.2,,,,
businessdailynetwork.com/states/ar,mixed,0.455,1,M,FN,0.2,,,,,,0.5,0.2,,,,
businessdailynetwork.com/states/az,mixed,0.455,1,M,FN,0.2,,,,,,0.5,0.2,,,,
businessdailynetwork.com/states/ca,mixed,0.455,1,M,FN,0.2,,,,,,0.5,0.2,,,,
businessdailynetwork.com/states/co,mixed,0.455,1,M,FN,0.2,,,,,,0.5,0.2,,,,
businessdailynetwork.com/states/ct,mixed,0.455,1,M,FN,0.2,,,,,,0.5,0.2,,,,
businessdailynetwork.com/states/dc,mixed,0.455,1,M,FN,0.2,,,,,,0.5,0.2,,,,
businessdailynetwork.com/states/de,mixed,0.455,1,M,FN,0.2,,,,,,0.5,0.2,,,,
businessdailynetwork.com/states/fl,mixed,0.455,1,M,FN,0.2,,,,,,0.5,0.2,,,,
businessdailynetwork.com/states/ga,mixed,0.455,1,M,FN,0.2,,,,,,0.5,0.2,,,,
businessdailynetwork.com/states/hi,mixed,0.455,1,M,FN,0.2,,,,,,0.5,0.2,,,,
businessdailynetwork.com/states/ia,mixed,0.455,1,M,FN,0.2,,,,,,0.5,0.2,,,,
businessdailynetwork.com/states/id,mixed,0.455,1,M,FN,0.2,,,,,,0.5,0.2,,,,
businessdailynetwork.com/states/il,mixed,0.455,1,M,FN,0.2,,,,,,0.5,0.2,,,,
businessdailynetwork.com/states/in,mixed,0.455,1,M,FN,0.2,,,,,,0.5,0.2,,,,
businessdailynetwork.com/states/ky,mixed,0.455,1,M,FN,0.2,,,,,,0.5,0.2,,,,
businessdailynetwork.com/states/la,mixed,0.455,1,M,FN,0.2,,,,,,0.5,0.2,,,,
businessdailynetwork.com/states/ma,mixed,0.455,1,M,FN,0.2,,,,,,0.5,0.2,,,,
businessdailynetwork.com/states/md,mixed,0.455,1,M,FN,0.2,,,,,,0.5,0.2,,,,
businessdailynetwork.com/states/mi,mixed,0.455,1,M,FN,0.2,,,,,,0.5,0.2,,,,
businessdailynetwork.com/states/mn,mixed,0.455,1,M,FN,0.2,,,,,,0.5,0.2,,,,
businessdailynetwork.com/states/mo,mixed,0.455,1,M,FN,0.2,,,,,,0.5,0.2,,,,
businessdailynetwork.com/states/ms,mixed,0.455,1,M,FN,0.2,,,,,,0.5,0.2,,,,
businessdailynetwork.com/states/mt,mixed,0.455,1,M,FN,0.2,,,,,,0.5,0.2,,,,
businessdailynetwork.com/states/nc,mixed,0.455,1,M,FN,0.2,,,,,,0.5,0.2,,,,
businessdailynetwork.com/states/nd,mixed,0.455,1,M,FN,0.2,,,,,,0.5,0.2,,,,
businessdailynetwork.com/states/ne,mixed,0.455,1,M,FN,0.2,,,,,,0.5,0.2,,,,
businessdailynetwork.com/states/nj,mixed,0.455,1,M,FN,0.2,,,,,,0.5,0.2,,,,
businessdailynetwork.com/states/nm,mixed,0.455,1,M,FN,0.2,,,,,,0.5,0.2,,,,
businessdailynetwork.com/states/nv,mixed,0.455,1,M,FN,0.2,,,,,,0.5,0.2,,,,
businessdailynetwork.com/states/ny,mixed,0.455,1,M,FN,0.2,,,,,,0.5,0.2,,,,
businessdailynetwork.com/states/oh,mixed,0.455,1,M,FN,0.2,,,,,,0.5,0.2,,,,
businessdailynetwork.com/states/ok,mixed,0.455,1,M,FN,0.2,,,,,,0.5,0.2,,,,
businessdailynetwork.com/states/or,mixed,0.455,1,M,FN,0.2,,,,,,0.5,0.2,,,,
businessday.ng,mixed,0.443,1,M,FN,0.2,30946,,,,,0.5,0.2,0.25,,,
butlercountytoday.com,fake,0.048,1,M,FN,0.2,,7.2,2019-06-30T20:46:44Z,0,,0.0,0.2,,0.36,,
buzzfeedusa.com,fake,0.025,1,,,,,10.1,2016-07-31T15:11:59Z,0,,0.0,,,0.51,,
buzzloving.com,mixed,0.439,1,M,FN,0.2,,3.6,2023-01-27T15:02:14Z,,,0.5,0.2,,0.18,,
bvanews.com,fake,0.027,1,,,,,10.6,2016-02-19T15:07:59Z,,,0.0,,,0.53,,
c19budesonide.com,mixed,0.455,1,M,FN,0.2,,,,,,0.5,0.2,,,,
c19colchicine.com,mixed,0.435,1,M,FN,0.2,,2.2,2024-06-19T18:21:35Z,0,,0.5,0.2,,0.11,,
c19curcumin.com,mixed,0.432,1,M,FN,0.2,,0.8,2025-11-10T19:18:02Z,0,,0.5,0.2,,0.04,,
c19early.com,mixed,0.444,1,M,FN,0.2,,5.5,2021-03-07T01:08:53Z,0,,0.5,0.2,,0.28,,
c19favipiravir.com,mixed,0.433,1,M,FN,0.2,,1.4,2025-05-02T12:13:25Z,0,,0.5,0.2,,0.07,,
c19fluvoxamine.com,mixed,0.444,1,M,FN,0.2,,5.6,2021-02-11T07:55:04Z,0,,0.5,0.2,,0.28,,
c19hcq.com,mixed,0.446,1,M,FN,0.2,,6.2,2020-07-03T11:01:18Z,,,0.5,0.2,,0.31,,
c19melatonin.com,mixed,0.432,1,M,FN,0.2,,0.7,2025-12-29T03:38:25Z,0,,0.5,0.2,,0.03,,
c19nitazoxanide.com,mixed,0.435,1,M,FN,0.2,,2.2,2024-07-04T21:22:15Z,0,,0.5,0.2,,0.11,,
c19ns.com,mixed,0.432,1,M,FN,0.2,,0.7,2026-01-12T00:40:05Z,,,0.5,0.2,,0.03,,
c19proxalutamide.com,mixed,0.444,1,M,FN,0.2,,5.5,2021-03-11T02:03:32Z,,,0.5,0.2,,0.28,,
c19pvpi.com,mixed,0.434,1,M,FN,0.2,,1.5,2025-04-01T18:16:33Z,0,,0.5,0.2,,0.07,,
c19quercetin.com,mixed,0.432,1,M,FN,0.2,,0.7,2026-01-15T11:57:08Z,0,,0.5,0.2,,0.03,,
c19vitamind.com,mixed,0.445,1,M,FN,0.2,,5.9,2020-10-28T21:50:12Z,0,,0.5,0.2,,0.3,,
c19zinc.com,mixed,0.445,1,M,FN,0.2,,5.9,2020-10-28T21:50:11Z,,,0.5,0.2,,0.3,,
cabarrustoday.com,fake,0.048,1,M,FN,0.2,,7.2,2019-06-30T20:45:51Z,0,,0.0,0.2,,0.36,,
cair.com,mixed,0.464,1,M,FN,0.2,86845,30.6,1996-01-24T05:00:00Z,0,,0.5,0.2,0.18,1.0,,
caitlinjohnston.com,mixed,0.455,1,M,CP,0.2,,,,,,0.5,0.2,,,,
caixinglobal.com,mixed,0.441,1,M,FN,0.2,44129,9.9,2016-10-09T03:27:30Z,0,,0.5,0.2,0.23,0.49,,
caldronpool.com,mixed,0.452,1,M,FN,0.2,,8.9,2017-10-13T00:10:33Z,0,,0.5,0.2,,0.45,,
californiacollapse.news,fake,0.021,1,VL,CP,0.0,,8.4,2018-04-07T17:03:34.507Z,0,,0.0,0.0,,0.42,,
callthecops.net,satire,0.318,1,,,,,13.3,2013-05-26T17:46:47Z,,,0.3,,,0.67,,
campechepost.com,mixed,0.445,1,M,FN,0.2,,6.0,2020-09-01T21:50:57Z,0,,0.5,0.2,,0.3,,
campusinsanity.com,fake,0.027,1,VL,CP,0.0,,10.8,2015-11-13T02:36:12Z,0,,0.0,0.0,,0.54,,
canadafreepress.com,conspiracy,0.149,2,L,FN,0.1,95117,24.1,2002-08-20T18:13:33Z,0,,0.1,0.1,0.17,1.0,,
canarymission.org,mixed,0.435,1,M,FN,0.2,669783,11.6,2015-02-10T13:46:08.974Z,0,,0.5,0.2,0.03,0.58,,
cancer.news,fake,0.104,1,VL,CP,0.0,,8.9,2017-10-24T18:33:46.743Z,6,,0.0,0.0,,0.45,0.54,
cannasos.com,fake,0.031,1,,,,,12.4,2014-04-28T22:46:20Z,0,,0.0,,,0.62,,
cantonreporter.com,fake,0.048,1,M,FN,0.2,,7.2,2019-06-30T20:46:37Z,0,,0.0,0.2,,0.36,,
cap-news.com,fake,0.003,2,VL,FN,0.0,,1.3,2025-06-15T18:06:38Z,0,,0.0,0.0,,0.07,,
capecodledger.com,fake,0.047,1,M,FN,0.2,,6.9,2019-10-15T14:55:32Z,0,,0.0,0.2,,0.35,,
capenews.com,mixed,0.48,1,M,FN,0.2,,27.6,1999-02-05T05:00:00Z,,,0.5,0.2,,1.0,,
capitaldistricttimes.com,fake,0.047,1,M,FN,0.2,,6.9,2019-10-15T14:55:16Z,0,,0.0,0.2,,0.35,,
carbondalereporter.com,fake,0.057,1,M,FN,0.2,,10.6,2016-01-22T15:19:24Z,0,,0.0,0.2,,0.53,,
cardinalpine.com,fake,0.047,1,M,FN,0.2,,6.7,2020-01-15T23:12:55Z,0,,0.0,0.2,,0.34,,
carm.org,unreliable,0.223,1,L,CP,0.1,102059,29.4,1997-04-10T04:00:00.931Z,0,,0.2,0.1,0.17,1.0,,
catholic.org,mixed,0.468,1,M,CP,0.2,30905,31.8,1994-11-16T05:00:00.128Z,,,0.5,0.2,0.25,1.0,,
cato.org/blog,mixed,0.5,1,,,,,,,,,0.5,,,,,
causeur.fr,mixed,0.459,1,M,FN,0.2,158450,18.9,2007-10-15T10:41:59Z,0,,0.5,0.2,0.13,0.94,,
cbn.com,mixed,0.47,1,M,CP,0.2,15496,31.1,1995-08-18T04:00:00Z,0,,0.5,0.2,0.3,1.0,,
cbsnews.com.co,fake,0.0,1,,,,,,,,,0.0,,,,,
cdareporter.com,mixed,0.448,1,M,FN,0.2,,7.0,2019-09-04T20:54:38Z,,,0.5,0.2,,0.35,,
cdc.news,fake,0.178,1,VL,CP,0.0,,11.2,2015-07-12T23:45:48.057Z,1,,0.0,0.0,,0.56,1.0,
cedarrapidstoday.com,fake,0.048,1,M,FN,0.2,,7.2,2019-06-30T20:45:53Z,,,0.0,0.2,,0.36,,
cei.org,unreliable,0.223,1,L,FN,0.1,97137,31.0,1995-08-29T04:00:00Z,,,0.2,0.1,0.17,1.0,,
celebtricity.com,satire,0.322,1,,,,,14.9,2011-11-02T00:08:32Z,,,0.3,,,0.74,,
censored.news,unreliable,0.203,1,L,FN,0.1,,11.2,2015-07-12T17:00:00.283Z,,,0.2,0.1,,0.56,,
censorship.news,fake,0.028,1,VL,CP,0.0,,11.2,2015-07-15T17:00:06.387Z,0,,0.0,0.0,,0.56,,
centennialstatenews.com,fake,0.048,1,M,FN,0.2,,7.0,2019-09-04T20:54:40Z,0,,0.0,0.2,,0.35,,
centerforsecuritypolicy.org,conspiracy,0.161,2,M,FN,0.2,198344,25.1,2001-08-06T22:26:44.511Z,0,,0.1,0.2,0.12,1.0,,
centerforsecuritypolicy.org/#articles,unreliable,0.2,1,,,,,,,,,0.2,,,,,
centralbrowardnews.com,fake,0.048,1,M,FN,0.2,,7.2,2019-07-03T17:53:29Z,,,0.0,0.2,,0.36,,
centralcoloradonews.com,fake,0.048,1,M,FN,0.2,,7.0,2019-09-04T20:54:44Z,0,,0.0,0.2,,0.35,,
centralfloridapost.com,fake,0.042,1,L,FN,0.1,,10.6,2016-01-25T04:47:50Z,,,0.0,0.1,,0.53,,
centralgeorgianews.com,fake,0.048,1,M,FN,0.2,,7.0,2019-09-05T20:13:34Z,,,0.0,0.2,,0.35,,
centralidahotimes.com,mixed,0.448,1,M,FN,0.2,,7.0,2019-09-04T20:54:42Z,0,,0.5,0.2,,0.35,,
centraliowatimes.com,fake,0.048,1,M,FN,0.2,,7.2,2019-06-30T20:46:41Z,0,,0.0,0.2,,0.36,,
centralmissourinews.com,fake,0.048,1,M,FN,0.2,,7.2,2019-07-03T17:53:30Z,,,0.0,0.2,,0.36,,
centralmontanatimes.com,fake,0.048,1,M,FN,0.2,,7.2,2019-06-30T20:46:41Z,0,,0.0,0.2,,0.36,,
centralndnews.com,fake,0.047,1,M,FN,0.2,,6.9,2019-10-15T14:55:16Z,0,,0.0,0.2,,0.35,,
centraloctimes.com,fake,0.048,1,M,FN,0.2,,7.0,2019-08-30T15:05:26Z,0,,0.0,0.2,,0.35,,
centralohiotoday.com,fake,0.048,1,M,FN,0.2,,7.2,2019-06-30T20:46:18Z,,,0.0,0.2,,0.36,,
centraloregontimes.com,fake,0.048,1,M,FN,0.2,,7.0,2019-09-04T20:54:34Z,0,,0.0,0.2,,0.35,,
centralpatimes.com,fake,0.04,1,M,FN,0.2,,4.1,2022-07-24T15:01:20Z,0,,0.0,0.2,,0.2,,
centralstlnews.com,fake,0.048,1,M,FN,0.2,,7.2,2019-07-03T17:53:29Z,,,0.0,0.2,,0.36,,
cernovich.com,mixed,0.48,1,M,FN,0.2,,20.8,2005-11-21T04:29:51Z,0,,0.5,0.2,,1.0,,
cf.org,mixed,0.48,1,M,FN,0.2,,25.9,2000-11-06T11:34:13.917Z,0,,0.5,0.2,,1.0,,
cfact.org,unreliable,0.219,1,L,CP,0.1,343859,29.6,1997-02-03T05:00:00.532Z,,,0.2,0.1,0.08,1.0,,
cgtn.com,mixed,0.474,1,M,FN,0.2,6012,23.8,2002-11-15T06:47:52Z,,,0.5,0.2,0.37,1.0,,
chambanasun.com,fake,0.058,1,M,FN,0.2,,11.1,2015-08-21T16:18:29Z,0,,0.0,0.2,,0.55,,
channel-7-news.com,fake,0.025,1,,,,,10.0,2016-08-30T17:15:28Z,,,0.0,,,0.5,,
channel18news.com,fake,0.026,1,,,,,10.2,2016-06-26T21:44:25Z,,,0.0,,,0.51,,
chapelhillreview.com,fake,0.048,1,M,FN,0.2,,7.2,2019-06-30T20:46:07Z,0,,0.0,0.2,,0.36,,
charismanews.com,mixed,0.462,2,M,CP,0.2,130779,28.4,1998-05-05T04:00:00Z,,,0.5,0.2,0.15,1.0,,
chaser.com.au,satire,0.287,1,,,,544102,,,,,0.3,,0.04,,,
checkoutthehealthyworld.com,unreliable,0.191,1,,,,,0.3,2026-06-12T23:56:11Z,0,,0.2,,,0.01,,
chicagocitywire.com,fake,0.057,1,M,FN,0.2,716427,10.3,2016-05-18T15:07:25Z,,,0.0,0.2,0.02,0.52,,
chicksontheright.com,unreliable,0.234,1,,,,,17.6,2009-02-18T17:55:21Z,0,,0.2,,,0.88,,
chicotimes.com,fake,0.048,1,M,FN,0.2,,7.0,2019-08-30T15:05:48Z,0,,0.0,0.2,,0.35,,
chihuahuapost.com,mixed,0.48,1,M,FN,0.2,,22.7,2004-01-09T01:41:24Z,0,,0.5,0.2,,1.0,,
childrenshealthdefense.org,fake,0.047,1,L,CP,0.1,40140,8.3,2018-05-24T23:50:53.873Z,0,,0.0,0.1,0.23,0.42,,
childrenshealthdefense.org/defender,unreliable,0.185,1,L,CP,0.1,,,,,,0.2,0.1,,,,
chinadaily.com.cn,mixed,0.451,1,M,FN,0.2,2641,,,,,0.5,0.2,0.43,,,
chlorellafactor.com,fake,0.05,1,VL,CP,0.0,,22.6,2004-02-24T15:29:20Z,0,,0.0,0.0,,1.0,,
christianaction.org,unreliable,0.225,1,L,FN,0.1,,27.5,1999-04-01T05:00:00.022Z,0,,0.2,0.1,,1.0,,
christianfightback.com,unreliable,0.207,1,,,,,6.9,2019-10-28T18:36:51Z,0,,0.2,,,0.35,,
christianpost.com,mixed,0.515,1,,,,17662,25.2,2001-07-18T10:44:56Z,,,0.5,,0.29,1.0,,
christianscience.com,unreliable,0.223,1,L,CP,0.1,105192,28.3,1998-05-30T04:00:00Z,,,0.2,0.1,0.16,1.0,,
christiansfortruth.com,fake,0.032,1,VL,FN,0.0,,12.9,2013-11-08T19:08:05Z,,,0.0,0.0,,0.65,,
christiantimesnewspaper.com,fake,0.027,1,,,,,10.8,2015-12-14T13:58:19Z,,,0.0,,,0.54,,
christwire.org,satire,0.329,1,,,,,17.7,2008-12-22T08:14:28.381Z,0,,0.3,,,0.89,,
chronicle.su,satire,0.3,1,,,,,,,0,,0.3,,,,,
chroniclesmagazine.org,mixed,0.505,1,,,,240177,27.6,1999-02-06T05:00:00.057Z,0,,0.5,,0.1,1.0,,
churchmilitant.com,mixed,0.46,1,M,FN,0.2,227361,24.0,2002-09-19T20:51:31Z,,,0.5,0.2,0.11,1.0,,
cincyreporter.com,fake,0.048,1,M,FN,0.2,,7.2,2019-06-30T20:46:38Z,0,,0.0,0.2,,0.36,,
citizensjournal.us,mixed,0.43,1,M,FN,0.2,894978,,,,,0.5,0.2,0.01,,,
citizensunited.org,mixed,0.525,1,,,,,24.9,2001-10-18T12:58:39.603Z,,,0.5,,,1.0,,
city-journal.org,mixed,0.513,1,,,,27280,30.2,1996-06-22T04:00:00Z,,,0.5,,0.26,1.0,,
cityworldnews.com,fake,0.03,2,VL,FN,0.0,,11.8,2014-11-25T11:09:45Z,,,0.0,0.0,,0.59,,
civictribune.com,fake,0.032,1,,,,,12.9,2013-10-25T04:27:48Z,0,,0.0,,,0.65,,
clarionproject.org,unreliable,0.204,1,L,FN,0.1,283745,13.8,2012-11-25T14:24:54.205Z,,,0.2,0.1,0.09,0.69,,
clashdaily.com,fake,0.053,2,L,FN,0.1,572160,14.3,2012-05-10T23:58:03Z,,,0.0,0.1,0.04,0.72,,
clayandbuck.com,mixed,0.421,1,M,FN,0.2,513730,5.3,2021-05-24T19:19:23Z,0,,0.5,0.2,0.05,0.27,,
claycotimes.com,fake,0.048,1,M,FN,0.2,,7.2,2019-07-03T17:53:30Z,0,,0.0,0.2,,0.36,,
clayreporter.com,fake,0.047,1,M,FN,0.2,,6.9,2019-10-21T21:05:51Z,0,,0.0,0.2,,0.35,,
clermonttimes.com,fake,0.048,1,M,FN,0.2,,7.2,2019-06-30T20:45:51Z,,,0.0,0.2,,0.36,,
clevelandreporter.com,fake,0.048,1,M,FN,0.2,,7.2,2019-06-30T20:45:50Z,0,,0.0,0.2,,0.36,,
clickhole.com,satire,0.319,1,,,,196134,17.3,2009-06-12T18:39:41Z,0,,0.3,,0.12,0.86,,
climate.news,fake,0.059,1,VL,FN,0.0,,8.9,2017-10-24T18:35:17.413Z,19,,0.0,0.0,,0.45,0.25,
climatechangedispatch.com,unreliable,0.207,1,L,CP,0.1,565041,16.0,2010-09-02T22:10:37Z,0,,0.2,0.1,0.04,0.8,,
climatedepot.com,fake,0.081,1,M,CP,0.2,164905,17.6,2009-02-11T01:05:40Z,,,0.0,0.2,0.13,0.88,,
climatesciencenews.com,fake,0.028,1,VL,CP,0.0,,11.3,2015-06-05T05:40:25Z,,,0.0,0.0,,0.57,,
climatism.blog,unreliable,0.177,1,L,CP,0.1,,0.8,2025-12-07T18:40:31Z,0,,0.2,0.1,,0.04,,
cloverchronicle.com,unreliable,0.181,1,L,FN,0.1,,2.6,2024-02-12T19:31:47Z,,,0.2,0.1,,0.13,,
cnnews3.com,fake,0.0,1,,,,,,,0,,0.0,,,,,
cnnnext.com,unreliable,0.225,1,,,,,14.0,2012-09-08T04:19:41Z,0,,0.2,,,0.7,,
cnnsofake.news,fake,0.021,1,VL,CP,0.0,,8.4,2018-04-07T16:40:11.717Z,0,,0.0,0.0,,0.42,,
cnsnews.com,fake,0.078,2,L,FN,0.1,31148,28.3,1998-06-11T04:00:00Z,0,,0.0,0.1,0.25,1.0,,
coachellatoday.com,fake,0.048,1,M,FN,0.2,,7.0,2019-08-30T15:05:37Z,0,,0.0,0.2,,0.35,,
coastalganews.com,fake,0.048,1,M,FN,0.2,,7.0,2019-09-05T20:13:29Z,0,,0.0,0.2,,0.35,,
coasttocoastam.com,unreliable,0.224,2,L,CP,0.1,89427,27.4,1999-04-21T04:00:00Z,,,0.2,0.1,0.17,1.0,,
cobbnewsga.com,fake,0.04,1,M,FN,0.2,,4.1,2022-08-15T20:17:06Z,0,,0.0,0.2,,0.2,,
cobbreporter.com,fake,0.048,1,M,FN,0.2,,7.0,2019-09-05T20:13:32Z,,,0.0,0.2,,0.35,,
coconinonews.com,fake,0.048,1,M,FN,0.2,,7.2,2019-07-03T17:53:19Z,0,,0.0,0.2,,0.36,,
coed.com,fake,0.053,1,,,,475969,30.8,1995-12-07T05:00:00Z,0,,0.0,,0.05,1.0,,
collapse.news,fake,0.028,1,VL,CP,0.0,,11.2,2015-07-12T17:00:00.313Z,0,,0.0,0.0,,0.56,,
collective-evolution.com,fake,0.067,2,L,CP,0.1,79169,17.2,2009-06-17T02:21:16Z,,,0.0,0.1,0.18,0.86,,
collectivelyconscious.net,conspiracy,0.13,1,,,,,14.1,2012-07-28T06:11:42Z,0,,0.1,,,0.7,,
columbianews.com,mixed,0.48,1,M,FN,0.2,,24.6,2002-02-22T07:45:16Z,,,0.5,0.2,,1.0,,
columbusstandard.com,fake,0.048,1,M,FN,0.2,,7.0,2019-09-05T20:13:31Z,,,0.0,0.2,,0.35,,
commentarymagazine.com,mixed,0.509,1,,,,87514,29.7,1996-12-27T05:00:00Z,0,,0.5,,0.18,1.0,,
commondreams.org,unreliable,0.246,1,,,,11566,29.3,1997-05-13T04:00:00.612Z,,,0.2,,0.32,1.0,,
concernedwomen.org,unreliable,0.208,1,L,FN,0.1,660384,16.4,2010-04-22T13:05:19Z,0,,0.2,0.1,0.03,0.82,,
concisepolitics.com,conspiracy,0.126,1,,,,,12.4,2014-05-10T01:40:10Z,0,,0.1,,,0.62,,
concordledger.com,fake,0.047,1,M,FN,0.2,,6.9,2019-10-15T14:55:27Z,,,0.0,0.2,,0.35,,
congressionalagenda.com,mixed,0.48,1,M,FN,0.2,,22.3,2004-05-11T18:20:07Z,,,0.5,0.2,,1.0,,
consciouslifenews.com,unreliable,0.223,2,M,CP,0.2,585152,16.3,2010-05-15T00:37:09Z,,,0.2,0.2,0.04,0.82,,
conservapedia.com,mixed,0.466,2,M,FN,0.2,54332,20.0,2006-08-29T03:37:53Z,0,,0.5,0.2,0.21,1.0,,
conservative-headlines.org,unreliable,0.2,1,L,FN,0.1,,9.8,2016-12-12T01:49:19.816Z,0,,0.2,0.1,,0.49,,
conservativeammo.com,unreliable,0.202,1,L,FN,0.1,,10.6,2016-02-10T04:51:45Z,0,,0.2,0.1,,0.53,,
conservativebeaver.com,fake,0.007,1,VL,FN,0.0,,2.6,2024-02-23T19:14:48Z,,,0.0,0.0,,0.13,,
conservativebyte.com,fake,0.044,1,,,,,17.5,2009-03-04T21:47:29Z,0,,0.0,,,0.88,,
conservativedailynews.com,mixed,0.451,1,M,FN,0.2,351096,17.0,2009-09-14T16:52:27Z,0,,0.5,0.2,0.08,0.85,,
conservativedailypost.com,fake,0.041,2,L,FN,0.1,,10.3,2016-05-31T16:21:45Z,0,,0.0,0.1,,0.52,,
conservativefighters.com,fake,0.025,1,,,,,9.8,2016-11-16T15:57:29Z,0,,0.0,,,0.49,,
conservativefiringline.com,fake,0.037,2,VL,FN,0.0,698323,14.4,2012-05-06T04:02:45Z,,,0.0,0.0,0.03,0.72,,
conservativeflashnews.com,fake,0.004,1,,,,,1.5,2025-03-02T19:08:28Z,,,0.0,,,0.07,,
conservativefreepress.com,unreliable,0.203,1,L,FN,0.1,,11.0,2015-09-29T19:05:16Z,,,0.2,0.1,,0.55,,
conservativeglobe.com,unreliable,0.193,1,L,FN,0.1,,7.0,2019-09-10T21:25:39Z,,,0.2,0.1,,0.35,,
conservativehq.com,mixed,0.5,1,,,,884295,27.5,1999-03-10T05:00:00Z,,,0.5,,0.01,1.0,,
conservativeinfidel.com,fake,0.033,1,,,,,13.1,2013-08-13T04:41:09Z,0,,0.0,,,0.66,,
conservativematrix.com,mixed,0.456,1,M,FN,0.2,,10.5,2016-03-01T05:45:33Z,,,0.5,0.2,,0.53,,
conservativeoutfitters.com,unreliable,0.224,1,,,,,13.4,2013-04-08T09:26:04Z,,,0.2,,,0.67,,
conservativepapers.com,mixed,0.472,2,M,FN,0.2,,17.0,2009-09-10T05:36:02Z,,,0.5,0.2,,0.85,,
conservativeplaylist.com,unreliable,0.19,1,L,FN,0.1,,6.0,2020-09-23T09:49:04Z,0,,0.2,0.1,,0.3,,
conservativepost.com,fake,0.049,1,L,FN,0.1,,13.4,2013-05-08T18:01:49Z,,,0.0,0.1,,0.67,,
conservativerefocus.com,conspiracy,0.138,1,,,,,17.1,2009-08-21T16:55:09Z,,,0.1,,,0.86,,
conservativereview.com,mixed,0.506,1,,,,193544,24.4,2002-04-24T23:24:10Z,0,,0.5,,0.12,1.0,,
conservativerevival.com,unreliable,0.217,1,L,FN,0.1,,16.6,2010-01-25T21:07:03Z,0,,0.2,0.1,,0.83,,
conservativespirit.com,fake,0.0,1,,,,,,,,,0.0,,,,,
conservativestate.com,mixed,0.5,1,,,,,10.0,2016-09-03T17:44:12Z,0,,0.5,,,0.5,,
conservativetribune.com,conspiracy,0.124,1,,,,681272,12.9,2013-10-21T18:53:58Z,0,,0.1,,0.03,0.65,,
conservativeundergroundnews.com,mixed,0.421,1,M,FN,0.2,557279,5.7,2020-12-16T20:58:42Z,0,,0.5,0.2,0.04,0.29,,
consortiumnews.com,reliable,0.961,1,,,,43047,28.3,1998-05-18T04:00:00Z,,,1.0,,0.23,1.0,,
conspiracydailyupdate.com,fake,0.028,1,VL,CP,0.0,552015,10.3,2016-06-14T04:21:17Z,,,0.0,0.0,0.04,0.52,,
conspiracyplanet.com,conspiracy,0.145,2,L,CP,0.1,,26.6,2000-02-05T22:42:01Z,0,,0.1,0.1,,1.0,,
conspiracywire.com,conspiracy,0.099,1,,,,,1.5,2025-03-30T18:25:29Z,0,,0.1,,,0.07,,
constative.com,mixed,0.468,1,M,FN,0.2,,15.2,2011-07-14T20:25:21Z,,,0.5,0.2,,0.76,,
constitutionstatenews.com,fake,0.048,1,M,FN,0.2,,7.0,2019-09-05T20:13:25Z,,,0.0,0.2,,0.35,,
consumerwellness.org,fake,0.05,1,VL,CP,0.0,,22.6,2004-02-24T15:32:13.181Z,0,,0.0,0.0,,1.0,,
coppercourier.com,fake,0.049,1,M,FN,0.2,677847,7.1,2019-08-02T21:28:11Z,0,,0.0,0.2,0.03,0.35,,
corbettreport.com,conspiracy,0.146,2,L,CP,0.1,122840,19.4,2007-04-26T16:10:20Z,,,0.1,0.1,0.15,0.97,,
cornhuskerstatenews.com,fake,0.047,1,M,FN,0.2,,6.9,2019-10-15T14:55:09Z,0,,0.0,0.2,,0.35,,
corona-transition.org,unreliable,0.191,1,L,FN,0.1,,6.4,2020-05-09T10:45:32.098Z,,,0.2,0.1,,0.32,,
cosmicintelligenceagency.com,unreliable,0.225,1,L,CP,0.1,,21.1,2005-08-23T04:49:51Z,0,,0.2,0.1,,1.0,,
councilforthenationalinterest.org,mixed,0.468,1,M,FN,0.2,,15.3,2011-05-19T14:38:41Z,0,,0.5,0.2,,0.77,,
countdowntozerotime.com,conspiracy,0.128,1,,,,,13.3,2013-06-13T16:16:00Z,0,,0.1,,,0.67,,
countercurrentnews.com,mixed,0.469,1,,,,903063,7.5,2019-02-28T19:40:40Z,,,0.5,,0.01,0.38,,
countercurrents.org,unreliable,0.24,1,,,,62510,24.8,2001-11-09T09:09:42.522Z,,,0.2,,0.2,1.0,,
counterinformation.wordpress.com,mixed,0.525,1,,,,,26.5,2000-03-03T12:13:23Z,,,0.5,,,1.0,,
counterjihad.com,mixed,0.515,1,,,,,15.9,2010-10-20T18:16:33Z,,,0.5,,,0.8,,
counterpsyops.com,conspiracy,0.112,2,M,CP,0.2,,0.8,2025-12-10T19:03:40Z,0,,0.1,0.2,,0.04,,
counterpunch.com,mixed,0.502,1,,,,635578,27.8,1998-11-23T05:00:00Z,,,0.5,,0.03,1.0,,
counterpunch.org,mixed,0.515,1,,,,15793,27.8,1998-11-23T05:00:00.37Z,0,,0.5,,0.3,1.0,,
counterthink.com,fake,0.05,1,VL,CP,0.0,,28.8,1997-11-13T05:00:00Z,0,,0.0,0.0,,1.0,,
covertactionmagazine.com,mixed,0.432,1,M,FN,0.2,308579,9.1,2017-07-24T04:52:10Z,0,,0.5,0.2,0.09,0.45,,
covid19criticalcare.com,unreliable,0.188,1,L,CP,0.1,143648,6.4,2020-04-13T18:00:00Z,,,0.2,0.1,0.14,0.32,,
cowards.ca,mixed,0.443,1,M,FN,0.2,,5.3,2021-05-18T20:45:20Z,0,,0.5,0.2,,0.27,,
cowgernation.com,conspiracy,0.13,1,,,,,14.1,2012-08-27T05:15:41Z,0,,0.1,,,0.7,,
creambmp.com,fake,0.04,1,,,,,16.0,2010-09-19T03:05:36Z,0,,0.0,,,0.8,,
creation.com,unreliable,0.224,1,L,CP,0.1,75951,31.3,1995-05-22T04:00:00Z,0,,0.2,0.1,0.19,1.0,,
creationwiki.org,unreliable,0.218,1,L,CP,0.1,393390,20.9,2005-10-07T17:34:34.443Z,0,,0.2,0.1,0.07,1.0,,
creativitymovement.net/category/news/,unreliable,0.2,1,,,,,,,0,,0.2,,,,,
crev.info,unreliable,0.225,1,L,CP,0.1,,22.4,2004-05-03T07:50:05.484Z,0,,0.2,0.1,,1.0,,
cryptogon.com,conspiracy,0.14,1,,,,918416,26.5,2000-03-29T14:06:30Z,,,0.1,,0.01,1.0,,
crystalair.com,satire,0.335,1,,,,,29.0,1997-09-23T04:00:00Z,,,0.3,,,1.0,,
csglobe.com,unreliable,0.209,1,L,CP,0.1,,13.7,2013-01-17T17:21:48Z,0,,0.2,0.1,,0.68,,
culturewars.com,unreliable,0.225,1,L,CP,0.1,,29.7,1997-01-17T05:00:00Z,0,,0.2,0.1,,1.0,,
culturewatchnews.com,mixed,0.451,1,M,FN,0.2,,8.2,2018-07-18T12:59:15Z,0,,0.5,0.2,,0.41,,
cureus.com,mixed,0.47,1,M,CP,0.2,15549,22.9,2003-10-16T22:19:10Z,0,,0.5,0.2,0.3,1.0,,
curiousmindmagazine.com,unreliable,0.195,1,L,CP,0.1,679208,11.4,2015-05-05T07:50:44Z,0,,0.2,0.1,0.03,0.57,,
currentsciencedaily.com,fake,0.047,1,M,FN,0.2,,6.7,2019-12-30T20:22:48Z,,,0.0,0.2,,0.34,,
cyberwar.news,fake,0.028,1,VL,CP,0.0,,11.2,2015-07-13T23:27:30.787Z,0,,0.0,0.0,,0.56,,
dagospia.com,unreliable,0.232,1,L,FN,0.1,8328,26.5,2000-03-23T22:37:53Z,,,0.2,0.1,0.35,1.0,,
dailyboulder.com,mixed,0.461,1,M,FN,0.2,,12.6,2014-02-18T16:03:24Z,0,,0.5,0.2,,0.63,,
dailybuzzlive.com,fake,0.033,2,VL,FN,0.0,,13.0,2013-09-21T00:56:23Z,,,0.0,0.0,,0.65,,
dailycaller.com,unreliable,0.28,1,,,,12722,17.4,2009-05-06T16:28:10Z,8,,0.2,,0.32,0.87,0.47,
dailycitizen.focusonthefamily.com,unreliable,0.225,1,L,FN,0.1,,27.4,1999-04-16T04:00:00Z,,,0.2,0.1,,1.0,,
dailycurrant.com,satire,0.307,1,,,,925966,14.5,2012-03-28T03:59:33Z,0,,0.3,,0.01,0.72,,
dailydiscord.com,satire,0.334,1,,,,,19.4,2007-05-01T12:26:48Z,,,0.3,,,0.97,,
dailyexpose.co.uk,fake,0.015,1,VL,CP,0.0,914520,5.8,2020-11-18T16:05:56Z,0,,0.0,0.0,0.01,0.29,,
dailygrail.com,mixed,0.459,1,M,CP,0.2,355056,27.4,1999-05-10T19:09:27Z,0,,0.5,0.2,0.07,1.0,,
dailyheadlines.com,fake,0.05,1,,,,,22.5,2004-03-12T19:11:21Z,,,0.0,,,1.0,,
dailyheadlines.net,fake,0.045,2,L,FN,0.1,,12.0,2014-09-06T19:19:12Z,,,0.0,0.1,,0.6,,
dailyhealthpost.com,unreliable,0.202,1,L,CP,0.1,584383,13.9,2012-10-19T13:54:12Z,,,0.2,0.1,0.04,0.7,,
dailyhonker.com,mixed,0.442,1,M,FN,0.2,,4.9,2021-11-05T05:49:45Z,,,0.5,0.2,,0.25,,
dailyinfobox.com,fake,0.002,1,,,,,0.8,2025-11-10T07:17:09Z,0,,0.0,,,0.04,,
dailyinsidernews.com,fake,0.042,1,L,FN,0.1,,10.9,2015-11-06T16:24:28Z,,,0.0,0.1,,0.55,,
dailyken.com,unreliable,0.234,1,,,,,17.4,2009-04-09T14:01:36Z,0,,0.2,,,0.87,,
dailykos.com,unreliable,0.246,1,,,,10784,24.2,2002-06-26T19:46:19Z,0,,0.2,,0.33,1.0,,
dailyleak.org,fake,0.019,1,,,,,7.6,2019-01-30T14:32:19.781Z,,,0.0,,,0.38,,
dailymail.co.uk,unreliable,0.273,1,L,FN,0.1,681,31.2,1995-06-16T23:44:06Z,10,,0.2,0.1,0.53,1.0,0.41,
dailynews10.com,fake,0.004,1,,,,,1.8,2024-11-12T06:59:24Z,,,0.0,,,0.09,,
dailynews5.com,fake,0.0,1,,,,,,,,,0.0,,,,,
dailynewsbin.com,unreliable,0.219,1,,,,,11.6,2015-02-16T01:01:07Z,,,0.2,,,0.58,,
dailynewsposts.info,fake,0.0,1,,,,,,,,,0.0,,,,,
dailyoccupation.com,fake,0.041,2,L,CP,0.1,,10.3,2016-06-02T18:34:05Z,,,0.0,0.1,,0.52,,
dailypoliticalnewswire.com,unreliable,0.2,1,L,FN,0.1,,10.0,2016-09-24T03:39:15Z,0,,0.2,0.1,,0.5,,
dailypoliticsusa.com,mixed,0.5,1,,,,,,,,,0.5,,,,,
dailysceptic.org,fake,0.021,1,VL,CP,0.0,129472,5.3,2021-05-23T17:19:09.791Z,0,,0.0,0.0,0.15,0.27,,
dailysignal.com,mixed,0.587,1,,,,27836,19.7,2006-12-28T14:06:33Z,1,,0.5,,0.26,0.98,1.0,
dailysnark.com,satire,0.322,1,,,,633398,20.7,2006-01-10T17:25:48Z,0,,0.3,,0.03,1.0,,
dailysquib.co.uk,satire,0.334,1,,,,,19.6,2007-02-19T22:45:10Z,0,,0.3,,,0.98,,
dailystormer.com,conspiracy,0.097,1,,,,742251,2.3,2024-06-05T18:36:35Z,,,0.1,,0.02,0.11,,
dailystormer.in,fake,0.16,1,VL,FN,0.0,,3.9,2022-10-25T18:10:05.184Z,1,,0.0,0.0,,0.2,1.0,
dailystormer.su,fake,0.0,1,VL,FN,0.0,,,,,,0.0,0.0,,,,
dailysurge.com,fake,0.065,2,L,FN,0.1,,19.8,2006-11-12T21:26:21Z,,,0.0,0.1,,0.99,,
dailytelegraph.com.au,unreliable,0.205,1,,,,14428,,,,,0.2,,0.31,,,
dailyusaupdate.com,fake,0.019,1,,,,,7.6,2019-02-14T19:18:46Z,0,,0.0,,,0.38,,
dailywire.com,mixed,0.515,1,,,,17780,28.3,1998-05-14T04:00:00Z,,,0.5,,0.29,1.0,,
dakotatimes.com,fake,0.048,1,M,FN,0.2,,7.2,2019-07-03T17:53:19Z,,,0.0,0.2,,0.36,,
damnleaks.com,fake,0.0,1,,,,,,,,,0.0,,,,,
dandygoat.com,satire,0.29,1,,,,,2.0,2024-08-28T18:40:12Z,0,,0.3,,,0.1,,
darkjournalist.com,unreliable,0.214,1,L,CP,0.1,,15.6,2011-02-20T23:20:30Z,0,,0.2,0.1,,0.78,,
darkmoon.me,unreliable,0.2,1,,,,,,,,,0.2,,,,,
darkpolitricks.com,conspiracy,0.138,1,,,,,17.1,2009-08-03T16:16:04Z,0,,0.1,,,0.86,,
darntons.com,mixed,0.442,1,M,FN,0.2,,4.9,2021-10-26T19:41:35Z,,,0.5,0.2,,0.25,,
dartmouthtimes.com,fake,0.062,1,M,LC,0.3,,6.9,2019-10-15T14:55:24Z,0,,0.0,0.3,,0.35,,
dataasylum.com,conspiracy,0.145,2,L,CP,0.1,,26.4,2000-04-09T18:48:12Z,0,,0.1,0.1,,1.0,,
davejanda.com,unreliable,0.23,1,,,,,16.0,2010-09-27T22:18:31Z,0,,0.2,,,0.8,,
davidduke.com,unreliable,0.232,1,,,,522057,27.8,1998-12-06T05:00:00Z,0,,0.2,,0.05,1.0,,
davidharrisjr.com,unreliable,0.32,1,L,FN,0.1,,9.8,2016-11-22T23:38:46Z,1,,0.2,0.1,,0.49,1.0,
davidicke.com,fake,0.059,1,VL,CP,0.0,77434,29.5,1997-03-11T05:00:00Z,0,,0.0,0.0,0.19,1.0,,
davidstockmanscontracorner.com,mixed,0.484,1,,,,563418,12.7,2014-01-13T16:57:11Z,,,0.5,,0.04,0.64,,
davidwolfe.com,conspiracy,0.16,2,M,CP,0.2,283935,27.2,1999-07-19T22:23:38Z,0,,0.1,0.2,0.09,1.0,,
daytonreporter.com,fake,0.048,1,M,FN,0.2,,7.2,2019-06-30T20:45:49Z,0,,0.0,0.2,,0.36,,
dcclothesline.com,conspiracy,0.096,2,L,FN,0.1,454945,1.4,2025-05-09T18:19:18Z,,,0.1,0.1,0.06,0.07,,
dcdirtylaundry.com,fake,0.021,1,VL,FN,0.0,,8.2,2018-06-20T07:25:20Z,0,,0.0,0.0,,0.41,,
dcgazette.com,fake,0.046,2,L,FN,0.1,,12.3,2014-05-27T11:20:18Z,0,,0.0,0.1,,0.61,,
dcleaks.com,unreliable,0.216,1,,,,,10.4,2016-04-19T13:44:24Z,0,,0.2,,,0.52,,
dcweekly.org,unreliable,0.189,1,L,FN,0.1,,5.4,2021-04-23T05:23:57.413Z,,,0.2,0.1,,0.27,,
ddemocraticunderground.com,fake,0.0,1,,,,,,,,,0.0,,,,,
de.rt.com,fake,0.05,1,VL,FN,0.0,,35.0,1991-09-23T04:00:00Z,0,,0.0,0.0,,1.0,,
deadlinelive.info,conspiracy,0.14,1,,,,,18.1,2008-08-01T01:10:17.257Z,,,0.1,,,0.91,,
deadlyclear.wordpress.com,fake,0.05,1,,,,,26.5,2000-03-03T12:13:23Z,,,0.0,,,1.0,,
debka.com,mixed,0.462,1,M,FN,0.2,137073,26.3,2000-05-28T21:04:06Z,,,0.5,0.2,0.14,1.0,,
debunkingskeptics.com,conspiracy,0.138,2,L,CP,0.1,,17.4,2009-04-22T13:05:13Z,0,,0.1,0.1,,0.87,,
decaturtimes.com,fake,0.048,1,M,FN,0.2,,7.0,2019-09-05T20:13:31Z,,,0.0,0.2,,0.35,,
deepleftfield.info,mixed,0.46,1,M,FN,0.2,,12.1,2014-08-22T18:36:54.516Z,0,,0.5,0.2,,0.6,,
deepstatejournal.com,unreliable,0.195,1,L,FN,0.1,,8.0,2018-09-05T18:23:30Z,0,,0.2,0.1,,0.4,,
defconnews.com,unreliable,0.185,1,L,FN,0.1,979226,8.0,2018-09-22T23:00:09Z,,,0.2,0.1,0.0,0.4,,
defenddemocracy.press,mixed,0.479,1,,,,677632,10.9,2015-10-13T13:05:08.0Z,0,,0.5,,0.03,0.55,,
defendingtherepublic.org,fake,0.015,1,VL,FN,0.0,,5.9,2020-11-06T16:16:26.544Z,,,0.0,0.0,,0.3,,
defiantamerica.com,unreliable,0.2,1,L,FN,0.1,,9.9,2016-11-01T03:16:30Z,0,,0.2,0.1,,0.49,,
dekalbganews.com,fake,0.048,1,M,FN,0.2,,7.0,2019-09-05T20:13:50Z,0,,0.0,0.2,,0.35,,
dekalbtimes.com,fake,0.054,1,M,FN,0.2,,9.7,2017-01-20T20:52:03Z,,,0.0,0.2,,0.48,,
delawarevalleysun.com,fake,0.041,1,M,FN,0.2,,4.6,2022-02-07T16:55:37Z,0,,0.0,0.2,,0.23,,
delcoreview.com,fake,0.048,1,M,FN,0.2,,7.2,2019-06-30T20:46:39Z,,,0.0,0.2,,0.36,,
democrats.org,mixed,0.467,1,M,FN,0.2,33304,31.2,1995-06-27T04:00:00.146Z,0,,0.5,0.2,0.25,1.0,,
dennismichaellynch.com,mixed,0.513,1,,,,,15.1,2011-08-25T01:18:12Z,,,0.5,,,0.76,,
denvercitywire.com,fake,0.048,1,M,FN,0.2,,7.0,2019-09-04T20:54:41Z,0,,0.0,0.2,,0.35,,
denverguardian.com,fake,0.005,1,,,,,1.9,2024-10-04T18:06:52Z,0,,0.0,,,0.1,,
departed.co,fake,0.0,1,,,,,,,,,0.0,,,,,
departedmedia.com,fake,0.002,1,,,,,0.6,2026-02-09T19:00:16Z,0,,0.0,,,0.03,,
deplorablekel.com,unreliable,0.198,1,L,FN,0.1,,9.3,2017-06-06T02:18:25Z,,,0.2,0.1,,0.47,,
der-postillon.com,satire,0.431,1,,,,41993,17.8,2008-12-08T12:55:11Z,1,,0.3,,0.23,0.89,1.0,
derfmagazine.com,satire,0.335,1,,,,,24.6,2002-02-08T18:55:21Z,,,0.3,,,1.0,,
desantisdaily.com,mixed,0.419,1,M,FN,0.2,690445,5.1,2021-08-11T18:19:10Z,,,0.5,0.2,0.03,0.26,,
desmoinessun.com,fake,0.048,1,M,FN,0.2,,7.2,2019-06-30T20:46:18Z,0,,0.0,0.2,,0.36,,
diamondandsilkinc.com,unreliable,0.203,1,L,FN,0.1,,11.0,2015-09-01T00:48:43Z,0,,0.2,0.1,,0.55,,
digifection.com,unreliable,0.2,1,L,FN,0.1,,10.1,2016-07-26T07:26:56Z,0,,0.2,0.1,,0.51,,
dineal.com,unreliable,0.215,1,,,,,10.1,2016-08-05T18:27:55Z,0,,0.2,,,0.51,,
disclose.tv,fake,0.087,2,M,FN,0.2,132763,19.7,2007-01-06T18:12:14Z,,,0.0,0.2,0.15,0.98,,
disclosuremedia.net,conspiracy,0.098,1,,,,,1.3,2025-05-29T13:10:28Z,,,0.1,,,0.07,,
discoveries.news,fake,0.028,1,VL,CP,0.0,,11.2,2015-07-15T17:00:05.553Z,0,,0.0,0.0,,0.56,,
discoverthenetworks.org,unreliable,0.22,1,L,FN,0.1,245073,21.4,2005-04-14T20:06:43.155Z,,,0.2,0.1,0.1,1.0,,
discovery.org,unreliable,0.222,1,L,CP,0.1,126242,31.5,1995-03-13T05:00:00.771Z,0,,0.2,0.1,0.15,1.0,,
disntr.com,mixed,0.444,1,M,FN,0.2,,5.6,2021-02-20T00:14:21Z,,,0.5,0.2,,0.28,,
dissentmagazine.org,mixed,0.511,1,,,,53230,27.0,1999-09-14T16:59:34.228Z,0,,0.5,,0.21,1.0,,
dissident-mag.com,fake,0.016,1,VL,FN,0.0,,6.6,2020-02-10T16:12:46Z,0,,0.0,0.0,,0.33,,
dissidentvoice.org,mixed,0.463,1,M,CP,0.2,111564,25.6,2001-01-25T18:52:24.944Z,,,0.5,0.2,0.16,1.0,,
distributednews.com,fake,0.054,1,VL,CP,0.0,340479,23.2,2003-06-27T14:34:24Z,,,0.0,0.0,0.08,1.0,,
diversitychronicle.wordpress.com,satire,0.335,1,,,,,26.5,2000-03-03T12:13:23Z,,,0.3,,,1.0,,
diyhours.net,fake,0.0,1,,,,,,,,,0.0,,,,,
djhjmedia.com,unreliable,0.194,1,L,FN,0.1,,7.5,2019-03-03T16:36:50Z,0,,0.2,0.1,,0.38,,
dnyuz.com,mixed,0.434,1,M,FN,0.2,83878,7.9,2018-10-27T16:13:00Z,,,0.5,0.2,0.18,0.4,,
doctoroz.com,mixed,0.464,1,M,CP,0.2,75081,23.1,2003-08-01T15:57:22Z,,,0.5,0.2,0.19,1.0,,
doctors4covidethics.org,fake,0.016,1,VL,CP,0.0,522790,5.3,2021-05-21T13:53:13.382Z,,,0.0,0.0,0.05,0.27,,
dollarvigilante.com,mixed,0.492,1,,,,644269,16.3,2010-05-21T04:24:55Z,0,,0.5,,0.03,0.82,,
donaldjtrump.com,unreliable,0.228,1,L,FN,0.1,29022,29.7,1997-01-20T05:00:00Z,0,,0.2,0.1,0.26,1.0,,
donaldtrumpnews.co,fake,0.0,1,,,,,,,,,0.0,,,,,
donaldtrumppotus45.com,fake,0.0,1,,,,,,,,,0.0,,,,,
dont-tread-on.me,conspiracy,0.193,1,,,,,,,3,,0.1,,,,0.72,
downeasttimes.com,fake,0.047,1,M,FN,0.2,,6.9,2019-10-15T14:55:18Z,,,0.0,0.2,,0.35,,
downrivertoday.com,fake,0.048,1,M,FN,0.2,,7.2,2019-06-30T20:46:38Z,0,,0.0,0.2,,0.36,,
downtrend.com,fake,0.05,1,,,,,26.8,1999-12-11T22:03:14Z,0,,0.0,,,1.0,,
draxe.com,unreliable,0.228,1,L,CP,0.1,24351,23.2,2003-07-17T18:13:22Z,,,0.2,0.1,0.27,1.0,,
drnorthrup.com,unreliable,0.217,1,L,CP,0.1,521659,28.4,1998-04-28T04:00:00Z,,,0.2,0.1,0.05,1.0,,
drrichswier.com,unreliable,0.214,1,,,,579679,12.9,2013-11-02T14:13:39Z,,,0.2,,0.04,0.65,,
drudgereport.com,mixed,0.515,1,,,,17304,29.6,1997-02-14T05:00:00Z,,,0.5,,0.29,1.0,,
drudgereport.com.co,fake,0.0,1,,,,,,,,,0.0,,,,,
drugcartels.news,fake,0.028,1,VL,CP,0.0,,11.2,2015-07-15,0,,0.0,0.0,,0.56,,
dubuquetimes.com,fake,0.048,1,M,FN,0.2,,7.2,2019-06-30T20:46:35Z,,,0.0,0.2,,0.36,,
duffleblog.com,satire,0.321,1,,,,,14.4,2012-04-12T05:35:36Z,,,0.3,,,0.72,,
duhprogressive.com,satire,0.332,1,,,,,18.8,2007-11-19T07:37:23Z,,,0.3,,,0.94,,
dupagepolicyjournal.com,fake,0.059,1,M,FN,0.2,,11.7,2014-12-19T18:00:05Z,0,,0.0,0.2,,0.58,,
durhamreporter.com,fake,0.048,1,M,FN,0.2,,7.2,2019-06-30T20:45:53Z,0,,0.0,0.2,,0.36,,
dutchsinse.com,conspiracy,0.134,1,,,,,15.6,2011-02-24T02:28:54Z,,,0.1,,,0.78,,
duvaltimes.com,fake,0.048,1,M,FN,0.2,,7.2,2019-07-03T17:53:31Z,,,0.0,0.2,,0.36,,
dzen.ru,mixed,0.47,1,M,FN,0.2,17,,,,,0.5,0.2,0.79,,,
eaglerising.com,unreliable,0.24,1,,,,,21.4,2005-04-09T18:19:17Z,0,,0.2,,,1.0,,
eaglevalleytimes.com,fake,0.048,1,M,FN,0.2,,7.0,2019-09-04T20:54:47Z,0,,0.0,0.2,,0.35,,
earthpulse.com,unreliable,0.225,1,L,CP,0.1,,30.0,1996-09-11T04:00:00Z,0,,0.2,0.1,,1.0,,
eastalamedanews.com,fake,0.048,1,M,FN,0.2,,7.0,2019-08-30T15:05:14Z,,,0.0,0.2,,0.35,,
eastarapahoenews.com,fake,0.048,1,M,FN,0.2,,7.0,2019-09-04T20:54:47Z,0,,0.0,0.2,,0.35,,
eastarizonanews.com,fake,0.048,1,M,FN,0.2,,7.2,2019-07-03T17:53:31Z,,,0.0,0.2,,0.36,,
eastcentralreporter.com,fake,0.057,1,M,FN,0.2,,10.6,2016-01-27T18:55:58Z,,,0.0,0.2,,0.53,,
eastclevelandnews.com,fake,0.048,1,M,FN,0.2,,7.2,2019-06-30T20:46:35Z,0,,0.0,0.2,,0.36,,
eastcontracostanews.com,fake,0.048,1,M,FN,0.2,,7.0,2019-08-30T15:05:46Z,,,0.0,0.2,,0.35,,
easternwaynetoday.com,fake,0.048,1,M,FN,0.2,,7.2,2019-06-30T20:46:19Z,,,0.0,0.2,,0.36,,
easthillsboroughnews.com,fake,0.048,1,M,FN,0.2,,7.2,2019-07-03T17:53:22Z,,,0.0,0.2,,0.36,,
easthudvalleynews.com,fake,0.047,1,M,FN,0.2,,6.9,2019-10-15T14:55:09Z,0,,0.0,0.2,,0.35,,
eastidahotimes.com,mixed,0.448,1,M,FN,0.2,,7.0,2019-09-04T20:54:41Z,0,,0.5,0.2,,0.35,,
eastindynews.com,fake,0.048,1,M,FN,0.2,,7.0,2019-09-05T20:13:49Z,0,,0.0,0.2,,0.35,,
eastkentuckytimes.com,fake,0.048,1,M,FN,0.2,,7.0,2019-09-04T20:54:45Z,0,,0.0,0.2,,0.35,,
eastlakenormannews.com,fake,0.048,1,M,FN,0.2,,7.2,2019-06-30T20:46:39Z,0,,0.0,0.2,,0.36,,
eastlittlerocktimes.com,fake,0.048,1,M,FN,0.2,,7.0,2019-09-05T20:13:40Z,0,,0.0,0.2,,0.35,,
eastlouisvillenews.com,fake,0.048,1,M,FN,0.2,,7.0,2019-09-04T20:54:43Z,0,,0.0,0.2,,0.35,,
eastmichigannews.com,fake,0.048,1,M,FN,0.2,,7.2,2019-06-30T20:46:35Z,,,0.0,0.2,,0.36,,
eastnewmexiconews.com,fake,0.048,1,M,FN,0.2,,7.0,2019-09-04T20:54:38Z,,,0.0,0.2,,0.35,,
eastoregonnews.com,fake,0.048,1,M,FN,0.2,,7.0,2019-09-04T20:54:38Z,0,,0.0,0.2,,0.35,,
eastpanhandlenews.com,fake,0.048,1,M,FN,0.2,,7.2,2019-07-03T17:53:19Z,0,,0.0,0.2,,0.36,,
eastpdxtoday.com,fake,0.048,1,M,FN,0.2,,7.0,2019-09-04T20:54:48Z,,,0.0,0.2,,0.35,,
eastpennyroyalnews.com,fake,0.048,1,M,FN,0.2,,7.0,2019-09-04T20:54:44Z,,,0.0,0.2,,0.35,,
eastsandiegonews.com,fake,0.048,1,M,FN,0.2,,7.0,2019-08-30T15:05:28Z,,,0.0,0.2,,0.35,,
eastsbvtimes.com,fake,0.048,1,M,FN,0.2,,7.0,2019-08-30T15:05:37Z,,,0.0,0.2,,0.35,,
eastsfvtoday.com,fake,0.048,1,M,FN,0.2,,7.0,2019-08-30T15:05:18Z,,,0.0,0.2,,0.35,,
eastsierranews.com,fake,0.048,1,M,FN,0.2,,7.0,2019-08-30T15:05:25Z,,,0.0,0.2,,0.35,,
eaststarknews.com,fake,0.048,1,M,FN,0.2,,7.2,2019-06-30T20:46:03Z,,,0.0,0.2,,0.36,,
easttwincities.com,fake,0.048,1,M,FN,0.2,,7.2,2019-07-03T17:53:26Z,,,0.0,0.2,,0.36,,
eastventuranews.com,fake,0.048,1,M,FN,0.2,,7.0,2019-08-30T15:05:18Z,,,0.0,0.2,,0.35,,
eastvolusianews.com,fake,0.048,1,M,FN,0.2,,7.2,2019-07-03T17:53:28Z,0,,0.0,0.2,,0.36,,
eastwaketimes.com,fake,0.048,1,M,FN,0.2,,7.2,2019-06-30T20:46:19Z,0,,0.0,0.2,,0.36,,
ebaumsworld.com,mixed,0.468,1,M,FN,0.2,25425,24.8,2001-11-15T17:43:41Z,,,0.5,0.2,0.27,1.0,,
ebolahoax.com,conspiracy,0.1,1,,,,,,,,,0.1,,,,,
ecalabamanews.com,fake,0.048,1,M,FN,0.2,,7.0,2019-09-05T20:13:42Z,,,0.0,0.2,,0.35,,
ecgeorgianews.com,fake,0.048,1,M,FN,0.2,,7.0,2019-09-05T20:13:32Z,,,0.0,0.2,,0.35,,
echocheck.org,fake,0.015,1,VL,FN,0.0,,6.1,2020-08-12T07:20:32.506Z,0,,0.0,0.0,,0.3,,
ecindiananews.com,fake,0.048,1,M,FN,0.2,,7.0,2019-09-05T20:13:28Z,,,0.0,0.2,,0.35,,
eciowanews.com,fake,0.048,1,M,FN,0.2,,7.2,2019-06-30T20:46:38Z,0,,0.0,0.2,,0.36,,
eckansasnews.com,fake,0.048,1,M,FN,0.2,,7.0,2019-09-05T20:13:35Z,0,,0.0,0.2,,0.35,,
ecmissnews.com,fake,0.077,1,H,FN,0.4,,6.9,2019-10-15T14:55:14Z,,,0.0,0.4,,0.35,,
ecnebraskanews.com,fake,0.047,1,M,FN,0.2,,6.9,2019-10-15T14:55:26Z,,,0.0,0.2,,0.35,,
ecnorthcarolinanews.com,fake,0.048,1,M,FN,0.2,,7.2,2019-06-30T20:46:47Z,0,,0.0,0.2,,0.36,,
ecohionews.com,fake,0.048,1,M,FN,0.2,,7.2,2019-06-30T20:46:42Z,,,0.0,0.2,,0.36,,
ecoklahomanews.com,fake,0.047,1,M,FN,0.2,,6.9,2019-10-15T14:55:21Z,0,,0.0,0.2,,0.35,,
ecology.news,fake,0.028,1,VL,CP,0.0,,11.2,2015-07-15T17:00:06.833Z,,,0.0,0.0,,0.56,,
economicnoise.com,unreliable,0.233,1,,,,,17.0,2009-09-10T00:06:55Z,0,,0.2,,,0.85,,
economictimes.indiatimes.com,mixed,0.48,1,M,FN,0.2,,29.8,1996-11-22T05:00:00Z,,,0.5,0.2,,1.0,,
ecowatch.com,mixed,0.514,1,,,,22846,27.8,1998-12-08T05:00:00Z,,,0.5,,0.27,1.0,,
educate-yourself.org,fake,0.056,2,VL,CP,0.0,177500,27.6,1999-02-17T05:00:00.272Z,0,,0.0,0.0,0.13,1.0,,
educateinspirechange.org,mixed,0.463,1,M,CP,0.2,,13.3,2013-06-03T03:49:56.961Z,0,,0.5,0.2,,0.67,,
educateinspirechange.org/health,unreliable,0.2,1,,,,,,,,,0.2,,,,,
educationdailywire.com,fake,0.046,1,M,FN,0.2,,6.5,2020-03-12T18:06:35Z,0,,0.0,0.2,,0.33,,
electionnightgatekeepers.com,conspiracy,0.12,1,,,,,10.1,2016-08-12T05:24:10Z,,,0.1,,,0.51,,
electroverse.net,unreliable,0.196,1,L,CP,0.1,,8.2,2018-07-05T08:55:57Z,,,0.2,0.1,,0.41,,
elelephantintheroom.blogspot.com,mixed,0.525,1,,,,,26.1,2000-07-31T21:38:58Z,0,,0.5,,,1.0,,
elitereaders.com,unreliable,0.213,1,,,,448337,12.0,2014-09-30T02:07:32Z,0,,0.2,,0.06,0.6,,
elizabethtowntimes.com,fake,0.048,1,M,FN,0.2,,7.0,2019-09-04T20:54:42Z,,,0.0,0.2,,0.35,,
elkharttimes.com,fake,0.048,1,M,FN,0.2,,7.0,2019-09-05T20:13:26Z,0,,0.0,0.2,,0.35,,
elkoshary.com,satire,0.33,1,,,,,18.0,2008-09-21T21:36:23Z,0,,0.3,,,0.9,,
elmundotoday.com,satire,0.319,1,,,,290596,17.9,2008-11-01T11:00:16Z,0,,0.3,,0.09,0.89,,
eluxemagazine.com,mixed,0.443,1,M,CP,0.2,495039,14.0,2012-09-19T20:32:20Z,0,,0.5,0.2,0.05,0.7,,
embols.com,fake,0.011,1,,,,,4.6,2022-01-27T19:14:57Z,0,,0.0,,,0.23,,
emeraldcoasttimes.com,fake,0.048,1,M,FN,0.2,,7.2,2019-07-03T17:53:17Z,,,0.0,0.2,,0.36,,
emirates247.com,mixed,0.456,1,M,FN,0.2,63610,16.5,2010-03-31T12:49:24Z,0,,0.5,0.2,0.2,0.82,,
empirehearland.com,fake,0.0,1,,,,,,,,,0.0,,,,,
empireherald.com,fake,0.042,2,L,FN,0.1,,10.6,2016-01-24T00:28:39Z,,,0.0,0.1,,0.53,,
empirenews.net,fake,0.031,1,,,,,12.4,2014-05-02T18:14:30Z,,,0.0,,,0.62,,
empiresports.co,satire,0.3,1,,,,,,,,,0.3,,,,,
empirestatetoday.com,fake,0.047,1,M,FN,0.2,,6.9,2019-10-15T14:55:24Z,0,,0.0,0.2,,0.35,,
emptywheel.net,mixed,0.503,1,,,,174646,18.7,2007-12-31T21:25:34Z,0,,0.5,,0.13,0.93,,
en-volve.com,fake,0.027,1,VL,FN,0.0,712208,10.4,2016-04-11T03:55:10Z,,,0.0,0.0,0.02,0.52,,
en-vovle.com,fake,0.0,1,,,,,,,,,0.0,,,,,
en.bbarta24.net,mixed,0.458,1,M,FN,0.2,,11.0,2015-08-28T13:43:43Z,,,0.5,0.2,,0.55,,
en.granma.cu,mixed,0.455,1,M,FN,0.2,,,,,,0.5,0.2,,,,
en.majalla.com,mixed,0.48,1,M,FN,0.2,,24.4,2002-04-27T14:50:24Z,0,,0.5,0.2,,1.0,,
en.mehrnews.com,mixed,0.48,1,M,FN,0.2,,23.9,2002-11-05T18:29:49Z,0,,0.5,0.2,,1.0,,
en.mercopress.com,mixed,0.48,1,M,FN,0.2,,30.1,1996-08-21T04:00:00Z,,,0.5,0.2,,1.0,,
en.metapedia.org,unreliable,0.225,1,L,FN,0.1,,23.3,2003-05-19T22:54:18.891Z,,,0.2,0.1,,1.0,,
en.newsner.com,fake,0.031,1,VL,FN,0.0,,12.4,2014-04-09T21:50:49Z,0,,0.0,0.0,,0.62,,
enabon.com,fake,0.0,1,,,,,,,,,0.0,,,,,
enchantmentstatenews.com,fake,0.048,1,M,FN,0.2,,7.0,2019-09-04T20:54:38Z,0,,0.0,0.2,,0.35,,
endingthefed.com,mixed,0.496,1,,,,,8.3,2018-05-20T18:45:10Z,0,,0.5,,,0.42,,
endoftheamericandream.com,fake,0.048,1,,,,188128,16.6,2010-01-29T21:32:02Z,0,,0.0,,0.12,0.83,,
endthefed.org,unreliable,0.204,1,L,FN,0.1,,11.7,2015-01-18T19:48:04.061Z,0,,0.2,0.1,,0.58,,
endtime.com,unreliable,0.232,1,,,,564600,31.1,1995-08-13T04:00:00Z,,,0.2,,0.04,1.0,,
enduringvision.com,fake,0.05,1,,,,,24.5,2002-03-16T15:10:04Z,,,0.0,,,1.0,,
english.alarabiya.net,mixed,0.48,1,M,FN,0.2,,27.0,1999-09-15T16:29:58Z,0,,0.5,0.2,,1.0,,
english.almanar.com.lb,mixed,0.444,1,M,FN,0.2,,5.6,2021-01-31T00:00:00Z,0,,0.5,0.2,,0.28,,
english.almayadeen.net,mixed,0.468,1,M,FN,0.2,,15.2,2011-07-13T15:45:02Z,0,,0.5,0.2,,0.76,,
english.cctv.com,mixed,0.48,1,M,FN,0.2,,29.3,1997-05-21T04:00:00Z,0,,0.5,0.2,,1.0,,
enhlive.com,fake,0.003,1,,,,,1.4,2025-04-28T18:03:39Z,,,0.0,,,0.07,,
epochtimes.de,mixed,0.56,1,,,,59106,,,1,,0.5,,0.2,,1.0,
escapeallthesethings.com,unreliable,0.225,1,L,CP,0.1,,22.7,2004-01-02T23:25:14Z,0,,0.2,0.1,,1.0,,
eugenics.news,fake,0.023,1,VL,CP,0.0,,9.0,2017-09-07T17:52:47.56Z,,,0.0,0.0,,0.45,,
europe-israel.org,mixed,0.47,1,M,FN,0.2,,16.0,2010-08-31T14:08:18.318Z,,,0.5,0.2,,0.8,,
europereloaded.com,unreliable,0.192,1,L,CP,0.1,631555,10.3,2016-06-01T19:30:30Z,0,,0.2,0.1,0.03,0.52,,
eutimes.net,conspiracy,0.272,2,L,CP,0.1,261683,16.9,2009-10-26T21:08:05Z,1,,0.1,0.1,0.1,0.84,1.0,
eutopia.buzz,fake,0.0,1,,,,,,,,,0.0,,,,,
everetttimes.com,fake,0.041,1,M,FN,0.2,,4.6,2022-02-15T19:23:46Z,,,0.0,0.2,,0.23,,
everylegalvote.com,unreliable,0.31,1,L,FN,0.1,,5.9,2020-11-05T19:31:41Z,1,,0.2,0.1,,0.3,1.0,
everytown.org,mixed,0.454,1,M,FN,0.2,168143,17.2,2009-07-08T14:30:29.714Z,0,,0.5,0.2,0.13,0.86,,
evil.news,unreliable,0.203,1,L,FN,0.1,,11.2,2015-07-15T17:00:03.073Z,,,0.2,0.1,,0.56,,
evolutionnews.org,unreliable,0.219,1,L,CP,0.1,322687,21.7,2004-12-29T02:30:33.036Z,,,0.2,0.1,0.08,1.0,,
ewao.com,unreliable,0.24,1,,,,,24.3,2002-05-23T16:13:22Z,,,0.2,,,1.0,,
ex.24smi.info,unreliable,0.203,1,L,FN,0.1,,11.3,2015-05-28T06:06:32.193Z,,,0.2,0.1,,0.57,,
exopolitics.org,unreliable,0.216,1,L,CP,0.1,720992,23.7,2003-01-17T22:28:41.033Z,0,,0.2,0.1,0.02,1.0,,
experimentalvaccines.org,conspiracy,0.133,1,,,,,15.1,2011-08-12T21:46:21.611Z,,,0.1,,,0.76,,
explainlife.com,fake,0.05,1,VL,FN,0.0,,22.4,2004-04-09T04:40:25Z,0,,0.0,0.0,,1.0,,
expose-news.com,fake,0.019,1,VL,CP,0.0,103355,4.4,2022-05-10T14:33:12Z,0,,0.0,0.0,0.16,0.22,,
expose1933.com,conspiracy,0.131,1,,,,,14.2,2012-07-03T20:24:35Z,0,,0.1,,,0.71,,
express.co.uk,unreliable,0.252,1,,,,2505,30.8,1995-11-17T03:42:01Z,,,0.2,,0.43,1.0,,
extinction.news,fake,0.028,1,VL,CP,0.0,,11.2,2015-07-15T17:00:07.583Z,,,0.0,0.0,,0.56,,
extraclubmagazine.com,fake,0.0,1,,,,,,,,,0.0,,,,,
extraordinaryinfo.com,fake,0.048,1,M,CP,0.2,,7.2,2019-07-19T03:42:24Z,,,0.0,0.2,,0.36,,
eyeopening.info,conspiracy,0.127,1,,,,,12.7,2013-12-19T02:40:02.661Z,,,0.1,,,0.64,,
fabiosa.com,mixed,0.458,1,M,CP,0.2,,11.3,2015-06-15T03:40:41Z,,,0.5,0.2,,0.57,,
factcheck.news,fake,0.098,1,VL,CP,0.0,,11.2,2015-07-15T17:00:11.87Z,8,,0.0,0.0,,0.56,0.47,
factcheckingturkey.com,fake,0.057,1,M,FN,0.2,,10.8,2015-11-26T13:54:09Z,0,,0.0,0.2,,0.54,,
facts.net,mixed,0.466,1,M,FN,0.2,43453,29.3,1997-05-31T04:00:00Z,0,,0.5,0.2,0.23,1.0,,
factswanted.com,mixed,0.05,1,M,FN,0.2,,0.2,2026-07-01T18:15:49Z,0,True,0.5,0.2,,0.01,,0.0
fairfieldreporter.com,fake,0.048,1,M,FN,0.2,,7.2,2019-06-30T20:46:41Z,,,0.0,0.2,,0.36,,
fairporteducationalalliance.org,mixed,0.442,1,M,FN,0.2,,4.7,2022-01-03T17:41:11.903Z,,,0.5,0.2,,0.24,,
fairus.org,unreliable,0.222,1,L,FN,0.1,133388,31.5,1995-03-15T05:00:00.167Z,,,0.2,0.1,0.15,1.0,,
faithpanda.com,mixed,0.455,1,M,CP,0.2,,10.0,2016-09-25T06:12:19Z,,,0.5,0.2,,0.5,,
fakingnews.com,fake,0.045,1,,,,,18.0,2008-09-15T12:02:37Z,0,,0.0,,,0.9,,
familysecuritymatters.org,conspiracy,0.142,1,,,,527081,23.2,2003-07-06T12:16:46.172Z,0,,0.1,,0.05,1.0,,
familysurvivalheadlines.com,mixed,0.457,1,M,FN,0.2,,10.6,2016-02-19T17:17:08Z,0,,0.5,0.2,,0.53,,
fargostandard.com,fake,0.047,1,M,FN,0.2,,6.9,2019-10-15T14:55:18Z,,,0.0,0.2,,0.35,,
farminsurancenews.com,fake,0.054,1,M,FN,0.2,,9.7,2017-01-19T23:10:15Z,,,0.0,0.2,,0.48,,
farmwars.info,fake,0.044,1,,,,,17.6,2009-02-24T17:21:13.409Z,0,,0.0,,,0.88,,
farsnews.ir,mixed,0.448,1,M,FN,0.2,6366,,,,,0.5,0.2,0.37,,,
fayettevillestandard.com,fake,0.048,1,M,FN,0.2,,7.0,2019-09-05T20:13:32Z,0,,0.0,0.2,,0.35,,
fayettevilletoday.com,fake,0.048,1,M,FN,0.2,,7.2,2019-06-30T20:46:26Z,,,0.0,0.2,,0.36,,
fda.news,fake,0.028,1,VL,CP,0.0,,11.1,2015-08-10T15:58:00.89Z,,,0.0,0.0,,0.55,,
fdahealthnews.com,fake,0.049,1,M,FN,0.2,,7.6,2019-02-20T15:43:27Z,,,0.0,0.2,,0.38,,
fdareporter.com,fake,0.049,1,M,FN,0.2,,7.6,2019-02-20T15:42:25Z,0,,0.0,0.2,,0.38,,
federalistpress.com,mixed,0.466,2,M,FN,0.2,,14.3,2012-05-12T18:39:51Z,0,,0.5,0.2,,0.72,,
fedsalert.com,fake,0.0,1,,,,,,,,,0.0,,,,,
fellowshipoftheminds.com,fake,0.048,2,L,CP,0.1,927433,13.0,2013-09-12T17:51:43Z,0,,0.0,0.1,0.01,0.65,,
filmingcops.com,mixed,0.462,1,M,FN,0.2,,12.9,2013-10-18T21:00:17Z,,,0.5,0.2,,0.65,,
filmsforaction.org,mixed,0.507,1,,,,116639,19.5,2007-03-07T09:42:16.009Z,0,,0.5,,0.16,0.97,,
financialsurvivalnetwork.com,unreliable,0.228,1,,,,,15.3,2011-05-25T20:59:55Z,0,,0.2,,,0.77,,
findlaytimes.com,fake,0.048,1,M,FN,0.2,,7.2,2019-06-30T20:46:06Z,,,0.0,0.2,,0.36,,
fingerlakestoday.com,fake,0.047,1,M,FN,0.2,,6.9,2019-10-15T14:55:12Z,0,,0.0,0.2,,0.35,,
firearmscoalition.org,mixed,0.525,1,,,,,24.5,2002-03-25T23:25:50.759Z,0,,0.5,,,1.0,,
fireboebert.com,mixed,0.441,1,M,FN,0.2,,4.3,2022-05-18T16:36:36Z,,,0.5,0.2,,0.21,,
firstinfreedomdaily.com,mixed,0.455,1,M,FN,0.2,,9.8,2016-11-09T21:05:58Z,0,,0.5,0.2,,0.49,,
firststatetimes.com,fake,0.048,1,M,FN,0.2,,7.2,2019-07-08T18:24:50Z,0,,0.0,0.2,,0.36,,
fl24.net,mixed,0.433,1,M,FN,0.2,,1.1,2025-07-28T18:34:18Z,,,0.5,0.2,,0.06,,
flagandcross.com,mixed,0.451,1,M,FN,0.2,,8.4,2018-04-11T01:53:20Z,0,,0.5,0.2,,0.42,,
flashnewscorner.com,fake,0.021,1,,,,,8.4,2018-05-06T19:02:41Z,0,,0.0,,,0.42,,
flcatholictribune.com,fake,0.046,1,M,FN,0.2,,6.5,2020-03-30T17:39:20Z,0,,0.0,0.2,,0.33,,
floricuanews.com,mixed,0.437,1,M,FN,0.2,,2.8,2023-11-21T21:12:53Z,0,,0.5,0.2,,0.14,,
floridacapitalstar.com,fake,0.044,1,M,FN,0.2,,5.5,2021-03-25T18:29:51Z,0,,0.0,0.2,,0.28,,
floridaparishnews.com,fake,0.048,1,M,FN,0.2,,7.0,2019-09-05T20:13:32Z,0,,0.0,0.2,,0.35,,
floridasunpost.com,fake,0.025,1,,,,,10.0,2016-09-29T20:11:53Z,0,,0.0,,,0.5,,
fmobserver.com,satire,0.322,1,,,,,14.6,2012-02-22T22:05:35Z,0,,0.3,,,0.73,,
focusonthefamily.com,unreliable,0.228,1,L,FN,0.1,29844,27.4,1999-04-16T04:00:00Z,,,0.2,0.1,0.25,1.0,,
fognews.ru,satire,0.3,1,,,,,,,,,0.3,,,,,
food.news,fake,0.022,1,VL,CP,0.0,,8.9,2017-10-24T18:34:31.44Z,,,0.0,0.0,,0.45,,
foodbabe.com,fake,0.083,2,M,CP,0.2,272493,19.4,2007-04-14T19:22:26Z,0,,0.0,0.2,0.09,0.97,,
foodmatters.com,mixed,0.461,1,M,CP,0.2,196822,25.4,2001-05-06T10:31:09Z,0,,0.5,0.2,0.12,1.0,,
foothillsreview.com,fake,0.078,1,H,FN,0.4,,7.2,2019-06-30T20:46:17Z,,,0.0,0.4,,0.36,,
foreignpolicyi.org,mixed,0.451,1,M,FN,0.2,569424,17.6,2009-02-23T16:44:41.674Z,,,0.5,0.2,0.04,0.88,,
foreignpolicyjournal.com,mixed,0.502,1,,,,140401,18.0,2008-09-20T22:46:38Z,0,,0.5,,0.14,0.9,,
foreverconscious.com,unreliable,0.199,1,L,CP,0.1,702773,13.0,2013-09-25T20:24:05Z,,,0.2,0.1,0.03,0.65,,
fortherightnews.com,unreliable,0.197,1,L,FN,0.1,,8.8,2017-12-13T17:52:31Z,,,0.2,0.1,,0.44,,
fortsmithtimes.com,fake,0.048,1,M,FN,0.2,,7.0,2019-09-05T20:13:31Z,0,,0.0,0.2,,0.35,,
fourwinds10.net,conspiracy,0.097,1,,,,,0.7,2025-12-31T19:03:13Z,0,,0.1,,,0.03,,
foxnews.com,mixed,0.482,1,M,FN,0.2,517,31.2,1995-06-21T04:00:00Z,,,0.5,0.2,0.55,1.0,,
fprnradio.com,fake,0.034,1,,,,,13.6,2013-02-22T19:20:08Z,,,0.0,,,0.68,,
fr.sputniknews.com,fake,0.037,1,VL,FN,0.0,,14.9,2011-10-24T00:15:14Z,0,,0.0,0.0,,0.74,,
fr24news.com,fake,0.05,1,M,FN,0.2,479022,6.8,2019-11-16T11:22:55Z,0,,0.0,0.2,0.05,0.34,,
frankspeech.com,fake,0.018,1,VL,FN,0.0,285951,5.5,2021-03-12T18:37:48Z,0,,0.0,0.0,0.09,0.28,,
frc.org,unreliable,0.224,1,L,FN,0.1,88991,31.5,1995-03-08T05:00:00.174Z,,,0.2,0.1,0.18,1.0,,
freakoutnation.com,mixed,0.517,1,,,,,16.7,2009-12-18T00:37:33Z,0,,0.5,,,0.83,,
free-speechfront.info,unreliable,0.177,1,L,FN,0.1,,0.9,2025-10-07T15:15:59.063Z,,,0.2,0.1,,0.04,,
freebeacon.com,mixed,0.511,1,,,,27551,19.1,2007-08-26T23:02:10Z,0,,0.5,,0.26,0.96,,
freedom.news,fake,0.028,1,VL,CP,0.0,,11.2,2015-07-15T17:00:01.017Z,0,,0.0,0.0,,0.56,,
freedomadvocates.org,unreliable,0.225,1,L,CP,0.1,,20.0,2006-10-03T21:56:16.097Z,0,,0.2,0.1,,1.0,,
freedomainradio.com,unreliable,0.225,1,L,CP,0.1,,20.6,2006-02-16T19:26:48Z,,,0.2,0.1,,1.0,,
freedomdaily.com,fake,0.049,2,L,FN,0.1,,13.6,2013-02-13T19:31:33Z,0,,0.0,0.1,,0.68,,
freedomfirstnetwork.com,unreliable,0.191,1,L,FN,0.1,,6.4,2020-04-27T17:16:47Z,0,,0.2,0.1,,0.32,,
freedomforceinternational.com,conspiracy,0.145,1,,,,,23.5,2003-03-23T06:31:37Z,,,0.1,,,1.0,,
freedomnewsreport.com,mixed,0.452,1,M,FN,0.2,,8.8,2017-12-13T17:52:30Z,0,,0.5,0.2,,0.44,,
freedomoutpost.com,conspiracy,0.139,1,,,,378335,18.0,2008-08-29T18:15:15Z,0,,0.1,,0.07,0.9,,
freedomproject.com,unreliable,0.225,1,L,FN,0.1,,23.9,2002-10-17T19:58:18Z,0,,0.2,0.1,,1.0,,
freedomsphoenix.com,conspiracy,0.146,1,,,,180146,21.2,2005-06-20T21:33:01Z,,,0.1,,0.12,1.0,,
freedomworks.org,mixed,0.505,1,,,,254279,25.6,2001-02-22T17:35:59.686Z,0,,0.5,,0.1,1.0,,
freedomworldnews.com,unreliable,0.2,1,,,,,,,,,0.2,,,,,
freepatriot.org,satire,0.298,1,,,,,5.4,2021-04-25T14:30:49.336Z,0,,0.3,,,0.27,,
freetelegraph.com,fake,0.053,1,M,FN,0.2,,9.2,2017-07-07T15:35:39Z,0,,0.0,0.2,,0.46,,
freewestmedia.com,mixed,0.435,1,M,FN,0.2,363699,10.5,2016-03-22T20:32:52Z,,,0.5,0.2,0.07,0.53,,
freewoodpost.com,satire,0.323,1,,,,,15.0,2011-09-01T00:15:11Z,0,,0.3,,,0.75,,
freeworldnews.tv,fake,0.013,1,VL,CP,0.0,,5.3,2021-05-19T20:27:53Z,0,,0.0,0.0,,0.27,,
freshdailyreport.com,fake,0.0,1,,,,,,,,,0.0,,,,,
freshoffthepress.org,mixed,0.446,1,M,FN,0.2,,6.2,2020-06-17T16:17:49.273Z,0,,0.5,0.2,,0.31,,
fresnoleader.com,fake,0.048,1,M,FN,0.2,,7.0,2019-08-30T15:05:21Z,0,,0.0,0.2,,0.35,,
friatider.se,unreliable,0.185,1,L,FN,0.1,67381,,,,,0.2,0.1,0.2,,,
fridaymash.com,satire,0.301,1,,,,,6.3,2020-06-05T18:57:18Z,0,,0.3,,,0.32,,
friendsofscience.org,mixed,0.456,1,M,CP,0.2,699396,24.4,2002-05-09T22:05:10.914Z,0,,0.5,0.2,0.03,1.0,,
fromthetrenchesworldreport.com,conspiracy,0.132,2,L,CP,0.1,472298,15.9,2010-11-07T18:03:31Z,0,,0.1,0.1,0.05,0.8,,
front.moveon.org,mixed,0.48,1,M,FN,0.2,,28.0,1998-09-18T04:00:00.981Z,0,,0.5,0.2,,1.0,,
frontpagemag.com,unreliable,0.226,2,L,FN,0.1,42526,28.4,1998-04-27T04:00:00Z,,,0.2,0.1,0.23,1.0,,
frontpagenewspaper.com,mixed,0.442,1,M,FN,0.2,230029,12.6,2014-02-21T10:13:26Z,,,0.5,0.2,0.11,0.63,,
ftwaynetimes.com,fake,0.048,1,M,FN,0.2,,7.0,2019-09-05T20:13:47Z,0,,0.0,0.2,,0.35,,
fury.news,fake,0.027,1,VL,FN,0.0,,10.6,2016-02-20T09:26:48.133Z,0,,0.0,0.0,,0.53,,
fusion.net,mixed,0.511,1,,,,50991,31.3,1995-05-19T04:00:00Z,0,,0.5,,0.22,1.0,,
gadsdentoday.com,fake,0.048,1,M,FN,0.2,,7.0,2019-09-05T20:13:41Z,0,,0.0,0.2,,0.35,,
gaia.com,conspiracy,0.153,2,L,CP,0.1,26145,34.2,1992-07-01T04:00:00Z,0,,0.1,0.1,0.26,1.0,,
galacticconnection.com,unreliable,0.227,1,,,,,14.6,2012-02-08T02:20:29Z,,,0.2,,,0.73,,
galesburgreporter.com,fake,0.052,1,M,FN,0.2,,8.8,2017-11-28T19:23:37Z,,,0.0,0.2,,0.44,,
gandernewsroom.com,fake,0.047,1,M,FN,0.2,,6.7,2020-01-15T23:12:49Z,0,,0.0,0.2,,0.34,,
gangstergovernment.com,conspiracy,0.095,1,,,,,0.1,2026-08-13T03:30:00Z,0,,0.1,,,0.01,,
gardenstatetimes.com,fake,0.047,1,M,FN,0.2,,6.9,2019-10-15T14:55:18Z,,,0.0,0.2,,0.35,,
gastoniatimes.com,fake,0.048,1,M,FN,0.2,,7.2,2019-06-30T20:46:19Z,0,,0.0,0.2,,0.36,,
gatesofvienna.net,conspiracy,0.127,1,,,,466642,13.7,2013-01-17T03:26:45Z,0,,0.1,,0.06,0.68,,
gatestoneinstitute.org,mixed,0.451,1,M,FN,0.2,62916,14.5,2012-03-05T15:05:23.673Z,,,0.5,0.2,0.2,0.72,,
gazeta.ru,mixed,0.448,1,M,FN,0.2,6265,,,,,0.5,0.2,0.37,,,
gbnews.com,fake,0.098,1,M,FN,0.2,7545,23.6,2003-01-26T00:46:44Z,0,,0.0,0.2,0.35,1.0,,
gbnews.uk,mixed,0.425,1,M,FN,0.2,391419,6.5,2020-02-27T00:41:16Z,0,,0.5,0.2,0.07,0.33,,
gear.news,fake,0.028,1,VL,CP,0.0,,11.2,2015-07-12T22:17:47.587Z,0,,0.0,0.0,,0.56,,
gellerreport.com,fake,0.045,1,L,FN,0.1,241563,10.0,2016-09-20T13:49:01Z,,,0.0,0.1,0.1,0.5,,
gemstatewire.com,mixed,0.448,1,M,FN,0.2,,7.0,2019-09-04T20:54:45Z,0,,0.5,0.2,,0.35,,
gender.news,fake,0.024,1,VL,CP,0.0,,9.6,2017-02-01T16:45:46.893Z,0,,0.0,0.0,,0.48,,
geneseenews.com,fake,0.048,1,M,FN,0.2,,7.2,2019-06-30T20:46:10Z,,,0.0,0.2,,0.36,,
genzconservative.com,mixed,0.45,1,M,FN,0.2,,7.9,2018-11-04T01:55:16Z,,,0.5,0.2,,0.4,,
geoengineering.news,fake,0.028,1,VL,CP,0.0,,11.2,2015-07-15T17:00:13.737Z,,,0.0,0.0,,0.56,,
geoengineeringwatch.org,fake,0.063,2,L,CP,0.1,195681,16.8,2009-11-30T07:05:15.292Z,0,,0.0,0.1,0.12,0.84,,
geopol.institute,unreliable,0.185,1,L,FN,0.1,,,,,,0.2,0.1,,,,
geopoliticaleconomy.com,mixed,0.439,1,M,CP,0.2,283759,11.6,2015-01-23T19:15:31Z,0,,0.5,0.2,0.09,0.58,,
geopolitics.co,mixed,0.432,1,M,CP,0.2,628973,,,,,0.5,0.2,0.03,,,
geopolmonitor.com,mixed,0.489,1,,,,,5.8,2020-11-15T19:06:18Z,,,0.5,,,0.29,,
georgiamountainnews.com,fake,0.048,1,M,FN,0.2,,7.0,2019-09-05T20:13:28Z,0,,0.0,0.2,,0.35,,
georgiastarnews.com,fake,0.044,1,M,FN,0.2,,5.8,2020-11-11T22:30:14Z,0,,0.0,0.2,,0.29,,
getholistichealth.com,unreliable,0.225,1,L,CP,0.1,,23.3,2003-05-27T17:32:00Z,0,,0.2,0.1,,1.0,,
gettr.com,unreliable,0.225,1,L,FN,0.1,20752,18.5,2008-03-11T23:07:33Z,0,,0.2,0.1,0.28,0.93,,
ghost.report,mixed,0.455,1,M,FN,0.2,,10.1,2016-08-26T14:23:18.227Z,0,,0.5,0.2,,0.51,,
girlsjustwannahaveguns.com,unreliable,0.216,1,L,FN,0.1,,16.5,2010-03-12T01:55:32Z,,,0.2,0.1,,0.82,,
givemeliberity01.com,fake,0.0,1,,,,,,,,,0.0,,,,,
givesendgo.com,mixed,0.446,1,M,FN,0.2,60666,12.5,2014-03-28T02:05:39Z,,,0.5,0.2,0.2,0.62,,
glaciercountrynews.com,fake,0.048,1,M,FN,0.2,,7.2,2019-07-09T19:43:46Z,,,0.0,0.2,,0.36,,
glaringhypocrisy.com,conspiracy,0.099,1,,,,,1.6,2025-02-04T19:15:21Z,0,,0.1,,,0.08,,
glitch.news,fake,0.178,1,VL,CP,0.0,,11.2,2015-07-15T17:00:04.633Z,1,,0.0,0.0,,0.56,1.0,
globalhealingcenter.com,mixed,0.461,1,M,CP,0.2,168207,27.1,1999-07-26T13:17:19Z,,,0.5,0.2,0.13,1.0,,
globalinfotoday.com,unreliable,0.187,1,L,FN,0.1,,4.8,2021-12-08T20:17:18Z,,,0.2,0.1,,0.24,,
globalpoliticsnow.com,fake,0.027,2,L,FN,0.1,,4.9,2021-10-14T08:22:19Z,0,,0.0,0.1,,0.25,,
globalresearch.ca,conspiracy,0.155,2,L,CP,0.1,16159,25.3,2001-05-28T17:57:41Z,,,0.1,0.1,0.3,1.0,,
globalskywatch.com,unreliable,0.217,1,L,CP,0.1,,16.8,2009-12-01T21:02:17Z,,,0.2,0.1,,0.84,,
globaltimes.cn,mixed,0.448,1,M,FN,0.2,7420,,,,,0.5,0.2,0.35,,,
globemagazine.com,fake,0.055,1,VL,FN,0.0,284269,26.9,1999-11-05T15:54:34Z,0,,0.0,0.0,0.09,1.0,,
glossynews.com,satire,0.335,1,,,,,24.4,2002-05-10T04:09:24Z,,,0.3,,,1.0,,
gloucestertoday.com,fake,0.047,1,M,FN,0.2,,6.9,2019-10-15T14:55:13Z,0,,0.0,0.2,,0.35,,
gmo.news,fake,0.178,1,VL,CP,0.0,,11.2,2015-07-12T23:34:34.707Z,1,,0.0,0.0,,0.56,1.0,
gmowatch.com,mixed,0.48,1,M,CP,0.2,,22.2,2004-07-19T18:37:37Z,,,0.5,0.2,,1.0,,
gmwatch.org,mixed,0.461,1,M,CP,0.2,193876,24.3,2002-05-17T15:50:03.626Z,,,0.5,0.2,0.12,1.0,,
gnews.org,fake,0.053,1,L,FN,0.1,737462,14.7,2012-01-19T03:20:35.475Z,,,0.0,0.1,0.02,0.73,,
godandscience.org,unreliable,0.219,1,L,CP,0.1,367020,27.1,1999-08-09T23:18:57Z,,,0.2,0.1,0.07,1.0,,
godfatherpolitics.com,mixed,0.468,1,M,FN,0.2,,15.4,2011-05-04T14:07:45Z,0,,0.5,0.2,,0.77,,
godlikeproductions.com,conspiracy,0.152,2,L,CP,0.1,40034,26.1,2000-07-26T03:58:30Z,,,0.1,0.1,0.23,1.0,,
goldcountrytoday.com,fake,0.048,1,M,FN,0.2,,7.0,2019-08-30T15:05:21Z,0,,0.0,0.2,,0.35,,
goldenstatetoday.com,fake,0.048,1,M,FN,0.2,,7.0,2019-08-30T15:05:51Z,,,0.0,0.2,,0.35,,
gomerblog.com,satire,0.318,1,,,,,13.2,2013-06-18T01:56:05Z,0,,0.3,,,0.66,,
goneleft.com,fake,0.019,1,,,,,7.7,2019-01-01T19:29:15Z,0,,0.0,,,0.39,,
goodgopher.com,fake,0.03,1,VL,FN,0.0,,11.9,2014-11-05T20:35:03Z,0,,0.0,0.0,,0.59,,
goodsciencing.com,fake,0.136,1,VL,FN,0.0,920644,4.9,2021-11-04T11:55:47Z,2,,0.0,0.0,0.01,0.25,0.82,
goop.com,fake,0.078,1,L,CP,0.1,30581,30.6,1996-02-02T05:00:00Z,0,,0.0,0.1,0.25,1.0,,
gop.com,mixed,0.466,1,M,FN,0.2,51408,27.5,1999-03-03T05:00:00Z,0,,0.5,0.2,0.21,1.0,,
gop.gov,mixed,0.535,1,M,FN,0.2,262476,27.0,1999-09-02T20:31:01.000Z,1,,0.5,0.2,0.1,1.0,1.0,
gopdailybrief.com,mixed,0.468,1,M,FN,0.2,,15.1,2011-07-23T06:29:59Z,0,,0.5,0.2,,0.76,,
gopthedailydose.com,fake,0.035,1,,,,,14.1,2012-08-12T01:09:38Z,0,,0.0,,,0.7,,
gotquestions.org,unreliable,0.23,1,L,CP,0.1,17506,24.6,2002-02-12T02:16:31.122Z,,,0.2,0.1,0.29,1.0,,
govtslaves.com,unreliable,0.22,1,L,CP,0.1,,18.1,2008-08-15T02:55:25Z,0,,0.2,0.1,,0.91,,
govtslaves.info,conspiracy,0.137,1,,,,,16.6,2010-02-02T20:23:08.889Z,,,0.1,,,0.83,,
grainoftruth.ca,fake,0.0,1,VL,FN,0.0,,,,,,0.0,0.0,,,,
grandcanyontimes.com,fake,0.048,1,M,FN,0.2,,7.2,2019-07-03T17:53:27Z,0,,0.0,0.2,,0.36,,
grandjunctiontimes.com,fake,0.048,1,M,FN,0.2,,7.0,2019-09-04T20:54:44Z,,,0.0,0.2,,0.35,,
grandrapidsminews.com,fake,0.041,1,M,FN,0.2,,4.6,2022-02-07T17:08:29Z,,,0.0,0.2,,0.23,,
grandrapidsreporter.com,fake,0.048,1,M,FN,0.2,,7.2,2019-06-30T20:46:42Z,,,0.0,0.2,,0.36,,
granitepostnews.com,mixed,0.438,1,M,FN,0.2,,3.0,2023-09-20T21:42:16Z,,,0.5,0.2,,0.15,,
granitestatetimes.com,fake,0.047,1,M,FN,0.2,,6.9,2019-10-15T14:55:22Z,,,0.0,0.2,,0.35,,
greanvillepost.com,conspiracy,0.15,2,M,CP,0.2,414489,16.9,2009-10-09T13:13:54Z,0,,0.1,0.2,0.06,0.84,,
greatamericandaily.com,unreliable,0.2,1,L,FN,0.1,,9.8,2016-12-02T13:51:34Z,0,,0.2,0.1,,0.49,,
greatamericanrepublic.com,unreliable,0.2,1,L,FN,0.1,,9.8,2016-12-13T06:12:07Z,,,0.2,0.1,,0.49,,
greatlakeswire.com,fake,0.048,1,M,FN,0.2,,7.2,2019-06-30T20:45:53Z,,,0.0,0.2,,0.36,,
greatreject.org,fake,0.014,1,VL,CP,0.0,,5.8,2020-11-22T13:10:08.939Z,0,,0.0,0.0,,0.29,,
greenecotimes.com,fake,0.048,1,M,FN,0.2,,7.2,2019-06-30T20:46:39Z,,,0.0,0.2,,0.36,,
greenmedinfo.com,fake,0.068,2,L,CP,0.1,69046,17.5,2009-03-18T00:05:14Z,,,0.0,0.1,0.19,0.88,,
greenpeace.org,mixed,0.434,1,M,CP,0.2,3373,34.3,1992-06-15T04:00:00.319Z,21,,0.5,0.2,0.41,1.0,0.22,
greensbororeporter.com,fake,0.048,1,M,FN,0.2,,7.2,2019-06-30T20:46:43Z,,,0.0,0.2,,0.36,,
greenvillereporter.com,fake,0.048,1,M,FN,0.2,,7.2,2019-06-30T20:45:53Z,0,,0.0,0.2,,0.36,,
grundyreporter.com,fake,0.053,1,M,FN,0.2,,9.2,2017-06-19T21:09:17Z,,,0.0,0.2,,0.46,,
grunge.com,mixed,0.467,1,M,FN,0.2,36387,31.0,1995-08-29T04:00:00Z,0,,0.5,0.2,0.24,1.0,,
gtrtimes.com,fake,0.047,1,M,FN,0.2,,6.9,2019-10-15T14:55:32Z,,,0.0,0.2,,0.35,,
guardian.ng,mixed,0.445,1,M,FN,0.2,16949,,,0,,0.5,0.2,0.3,,,
guardianlv.com,mixed,0.494,1,,,,114350,14.6,2012-02-03T01:34:58Z,0,,0.5,,0.16,0.73,,
guccifer2.wordpress.com,unreliable,0.24,1,,,,,26.5,2000-03-03T12:13:23Z,0,,0.2,,,1.0,,
gulagbound.com,unreliable,0.216,2,L,CP,0.1,,16.3,2010-05-21T00:09:25Z,,,0.2,0.1,,0.82,,
gulfnews.com,mixed,0.475,1,M,FN,0.2,4377,28.3,1998-05-11T04:00:00Z,,,0.5,0.2,0.39,1.0,,
gummypost.com,fake,0.029,1,,,,,11.4,2015-05-05T19:29:53Z,0,,0.0,,,0.57,,
gundrymd.com,mixed,0.44,1,M,CP,0.2,139208,11.1,2015-08-07T20:58:46Z,,,0.5,0.2,0.14,0.55,,
gunsternews.com,mixed,0.432,1,M,FN,0.2,,0.7,2026-01-09T15:59:35Z,,,0.5,0.2,,0.03,,
haarp.net,unreliable,0.225,1,L,CP,0.1,,27.5,1999-03-04T05:00:00Z,,,0.2,0.1,,1.0,,
hagmannreport.com,unreliable,0.203,1,L,FN,0.1,,11.1,2015-08-18T21:10:44Z,0,,0.2,0.1,,0.55,,
halturnerradioshow.com,fake,0.031,1,VL,FN,0.0,113390,9.2,2017-06-27T14:27:13Z,0,,0.0,0.0,0.16,0.46,,
hangthebankers.com,conspiracy,0.126,2,L,FN,0.1,987508,14.5,2012-03-06T09:04:42Z,,,0.1,0.1,0.0,0.72,,
hannity.com,unreliable,0.222,1,L,FN,0.1,143322,28.5,1998-03-26T05:00:00Z,0,,0.2,0.1,0.14,1.0,,
hardnews.network,mixed,0.432,1,M,FN,0.2,,1.0,2025-09-19T12:10:28.887Z,,,0.5,0.2,,0.05,,
hartfordreporter.com,fake,0.048,1,M,FN,0.2,,7.0,2019-09-05T20:13:44Z,0,,0.0,0.2,,0.35,,
hawkeyereporter.com,fake,0.048,1,M,FN,0.2,,7.2,2019-06-30T20:45:51Z,,,0.0,0.2,,0.36,,
headlineusa.com,mixed,0.461,1,M,FN,0.2,168717,23.1,2003-08-04T18:14:33Z,,,0.5,0.2,0.13,1.0,,
headtopics.com,mixed,0.443,1,M,FN,0.2,9968,8.7,2017-12-17T11:45:13Z,,,0.5,0.2,0.33,0.43,,
healingfoodreference.com,fake,0.05,1,VL,CP,0.0,,20.3,2006-05-16T19:07:54Z,0,,0.0,0.0,,1.0,,
healingoracle.ch,fake,0.0,1,VL,CP,0.0,,,,,,0.0,0.0,,,,
health-helpline.co.nz,unreliable,0.185,1,L,CP,0.1,,,,,,0.2,0.1,,,,
health.news,fake,0.146,1,VL,CP,0.0,,8.9,2017-10-24T18:33:06.37Z,2,,0.0,0.0,,0.45,0.82,
healthimpactnews.com,fake,0.049,2,VL,CP,0.0,76326,15.7,2011-01-11T07:37:35Z,0,,0.0,0.0,0.19,0.78,,
healthnutnews.com,fake,0.033,2,VL,CP,0.0,738017,12.9,2013-11-02T05:24:42Z,0,,0.0,0.0,0.02,0.65,,
healthranger.com,fake,0.05,1,VL,CP,0.0,,21.2,2005-07-10T18:10:15Z,,,0.0,0.0,,1.0,,
healthrangerinventions.com,fake,0.028,1,VL,CP,0.0,,11.3,2015-06-05T05:40:25Z,,,0.0,0.0,,0.57,,
healthrangerreport.com,fake,0.027,1,VL,CP,0.0,,10.8,2015-11-20T18:47:16Z,0,,0.0,0.0,,0.54,,
healthy-holistic-living.com,fake,0.068,2,L,CP,0.1,428310,20.2,2006-07-05T14:54:01Z,0,,0.0,0.1,0.06,1.0,,
healthyandnaturalworld.com,mixed,0.443,1,M,CP,0.2,320162,13.5,2013-03-24T05:03:37Z,0,,0.5,0.2,0.08,0.68,,
healthycareandbeauty.com,fake,0.0,1,,,,,,,,,0.0,,,,,
healthyfoodhouse.com,fake,0.053,1,L,CP,0.1,494154,14.0,2012-09-07T17:50:56Z,,,0.0,0.1,0.05,0.7,,
healthyworldhouse.com,fake,0.0,1,,,,,,,,,0.0,,,,,
heartland.org,unreliable,0.225,2,L,FN,0.1,59412,31.8,1994-11-09T05:00:00Z,0,,0.2,0.1,0.2,1.0,,
heatst.com,unreliable,0.211,1,,,,261836,10.6,2016-01-25T17:46:05Z,0,,0.2,,0.1,0.53,,
hellochristian.com,mixed,0.466,1,M,CP,0.2,,14.4,2012-04-23T18:45:35Z,,,0.5,0.2,,0.72,,
hendersontimes.org,fake,0.041,1,M,FN,0.2,,4.6,2022-02-07T17:08:35.364Z,0,,0.0,0.2,,0.23,,
henrymakow.com,conspiracy,0.147,1,,,,160491,22.0,2004-08-31T15:11:22Z,0,,0.1,,0.13,1.0,,
herb.co,mixed,0.437,1,M,CP,0.2,156839,,,,,0.5,0.2,0.13,,,
herbreference.com,fake,0.05,1,VL,CP,0.0,,26.7,2000-01-21T20:05:49Z,0,,0.0,0.0,,1.0,,
herbs.news,fake,0.028,1,VL,CP,0.0,,11.2,2015-07-12T22:32:10.363Z,,,0.0,0.0,,0.56,,
hereistheevidence.com,unreliable,0.19,1,L,FN,0.1,,5.8,2020-11-10T20:54:05Z,,,0.2,0.1,,0.29,,
heresyblog.net,conspiracy,0.108,1,,,,,5.3,2021-05-17T19:36:29Z,,,0.1,,,0.27,,
heritage.org,mixed,0.565,1,,,,9320,32.8,1993-11-15T05:00:00Z,2,,0.5,,0.34,1.0,0.82,
hernandoreporter.com,fake,0.048,1,M,FN,0.2,,7.2,2019-07-03T17:53:20Z,,,0.0,0.2,,0.36,,
hickorysun.com,fake,0.048,1,M,FN,0.2,,7.2,2019-06-30T20:46:35Z,,,0.0,0.2,,0.36,,
highcountrytimes.com,fake,0.048,1,M,FN,0.2,,7.2,2019-06-30T20:45:52Z,0,,0.0,0.2,,0.36,,
highereducationtribune.com,fake,0.058,1,M,FN,0.2,,11.3,2015-06-11T13:48:27Z,0,,0.0,0.2,,0.57,,
higherperspectives.com,fake,0.082,1,M,CP,0.2,586744,24.5,2002-03-30T20:28:03Z,,,0.0,0.2,0.04,1.0,,
hillsboroughsun.com,fake,0.047,1,M,FN,0.2,,6.9,2019-10-15T14:55:17Z,0,,0.0,0.2,,0.35,,
hindstoday.com,fake,0.047,1,M,FN,0.2,,6.9,2019-10-15T14:55:24Z,0,,0.0,0.2,,0.35,,
hli.org,unreliable,0.219,1,L,FN,0.1,312933,31.1,1995-07-25T04:00:00.384Z,0,,0.2,0.1,0.08,1.0,,
hoggwatch.com,fake,0.036,1,L,FN,0.1,,8.5,2018-03-24T18:35:35Z,0,,0.0,0.1,,0.42,,
hollandreporter.com,fake,0.048,1,M,FN,0.2,,7.2,2019-06-30T20:46:34Z,0,,0.0,0.2,,0.36,,
holyobserver.com,satire,0.335,1,,,,,23.4,2003-04-16T04:54:12Z,0,,0.3,,,1.0,,
home.nra.org,mixed,0.48,1,M,FN,0.2,,32.8,1993-12-05T05:00:00.154Z,0,,0.5,0.2,,1.0,,
homevaccineeducationnetwork.com,fake,0.018,1,VL,CP,0.0,,7.1,2019-08-16T17:10:37Z,0,,0.0,0.0,,0.35,,
honolulureporter.com,fake,0.048,1,M,FN,0.2,,7.0,2019-09-04T20:54:38Z,,,0.0,0.2,,0.35,,
hoosierstatetoday.com,fake,0.048,1,M,FN,0.2,,7.0,2019-09-05T20:13:28Z,,,0.0,0.2,,0.35,,
hopkinsvilletimes.com,fake,0.048,1,M,FN,0.2,,7.0,2019-09-04T20:54:37Z,0,,0.0,0.2,,0.35,,
horowitzfreedomcenter.org,mixed,0.525,1,,,,,20.2,2006-06-26T20:02:00.928Z,0,,0.5,,,1.0,,
hotspringstimes.com,fake,0.048,1,M,FN,0.2,,7.0,2019-09-05T20:13:31Z,0,,0.0,0.2,,0.35,,
houmathibodauxnews.com,fake,0.048,1,M,FN,0.2,,7.0,2019-09-05T20:13:46Z,,,0.0,0.2,,0.35,,
housatonicvalleynews.com,fake,0.048,1,M,FN,0.2,,7.0,2019-09-05T20:13:44Z,,,0.0,0.2,,0.35,,
howardconews.com,fake,0.051,1,M,FN,0.2,,8.4,2018-04-04T22:23:21Z,0,,0.0,0.2,,0.42,,
hrdailywire.com,fake,0.055,1,M,FN,0.2,,9.9,2016-10-26T16:01:50Z,,,0.0,0.2,,0.49,,
hsionline.com,unreliable,0.218,1,L,CP,0.1,,17.2,2009-06-23T19:10:30Z,0,,0.2,0.1,,0.86,,
hudsontoday.com,fake,0.047,1,M,FN,0.2,,6.9,2019-10-15T14:55:17Z,0,,0.0,0.2,,0.35,,
humansarefree.com,conspiracy,0.135,2,L,CP,0.1,225122,15.7,2010-12-22T09:41:00Z,,,0.1,0.1,0.11,0.78,,
humortimes.com,satire,0.335,1,,,,,25.0,2001-09-27T23:01:42Z,0,,0.3,,,1.0,,
huntsvilleleader.com,fake,0.048,1,M,FN,0.2,,7.0,2019-09-05T20:13:48Z,,,0.0,0.2,,0.35,,
hutchtoday.com,fake,0.048,1,M,FN,0.2,,7.0,2019-09-05T20:13:35Z,,,0.0,0.2,,0.35,,
huzlers.com,satire,0.317,1,,,,,12.7,2013-12-26T17:39:51Z,0,,0.3,,,0.64,,
ibxnews.com,fake,0.048,1,M,FN,0.2,,7.2,2019-06-30T20:46:36Z,,,0.0,0.2,,0.36,,
icandecide.org,unreliable,0.194,1,L,CP,0.1,294914,9.8,2016-11-28T15:26:39.471Z,0,,0.2,0.1,0.09,0.49,,
iceagenow.info,unreliable,0.213,1,L,CP,0.1,,15.1,2011-07-24T16:33:48Z,0,,0.2,0.1,,0.76,,
icic.law,fake,0.01,1,VL,CP,0.0,,3.9,2022-11-04T15:49:10Z,0,,0.0,0.0,,0.2,,
icr.org,fake,0.059,2,VL,CP,0.0,76861,31.0,1995-09-11T04:00:00.935Z,,,0.0,0.0,0.19,1.0,,
idahofreedom.org,unreliable,0.218,1,L,FN,0.1,,17.2,2009-07-14T15:24:59.226Z,,,0.2,0.1,,0.86,,
idahotribune.org,unreliable,0.189,1,L,FN,0.1,,5.5,2021-03-01T15:57:35.631Z,,,0.2,0.1,,0.28,,
identityevropa.com,fake,0.016,1,VL,FN,0.0,,6.4,2020-04-11T18:44:08Z,0,,0.0,0.0,,0.32,,
ifapray.org,unreliable,0.219,1,L,FN,0.1,311102,24.4,2002-04-10T18:51:32.611Z,0,,0.2,0.1,0.08,1.0,,
ifyouonlynews.com,unreliable,0.22,1,,,,,12.0,2014-09-19T04:23:06Z,0,,0.2,,,0.6,,
iharare.com,mixed,0.443,1,M,FN,0.2,258990,13.2,2013-06-21T20:27:29Z,0,,0.5,0.2,0.1,0.66,,
ihatethemedia.com,unreliable,0.225,1,L,FN,0.1,,20.6,2006-02-23T00:29:08Z,0,,0.2,0.1,,1.0,,
ihavethetruth.com,fake,0.043,1,,,,,17.1,2009-07-23T14:58:51Z,,,0.0,,,0.86,,
ihealthtube.com,unreliable,0.224,1,L,CP,0.1,,19.4,2007-05-07T13:45:55Z,,,0.2,0.1,,0.97,,
iheartintelligence.com,mixed,0.437,1,M,CP,0.2,672147,12.2,2014-06-29T10:47:18Z,0,,0.5,0.2,0.03,0.61,,
ihr.org,fake,0.055,2,VL,FN,0.0,266381,28.5,1998-03-13T05:00:00.694Z,0,,0.0,0.0,0.1,1.0,,
ihypocrite.net,mixed,0.456,1,M,FN,0.2,,10.5,2016-03-16T02:05:48Z,0,,0.5,0.2,,0.53,,
ijr.com,unreliable,0.239,1,,,,75240,30.1,1996-08-15T04:00:00Z,,,0.2,,0.19,1.0,,
illegalaliencrimereport.com,mixed,0.46,1,M,FN,0.2,,11.8,2014-11-15T04:14:40Z,,,0.5,0.2,,0.59,,
illicitinfo.com,unreliable,0.195,1,L,FN,0.1,,8.0,2018-09-09T14:49:07Z,,,0.2,0.1,,0.4,,
illinoisvalleytimes.com,fake,0.057,1,M,FN,0.2,,10.6,2016-01-22T15:19:50Z,0,,0.0,0.2,,0.53,,
illuminati-news.com,conspiracy,0.144,2,L,CP,0.1,336248,25.9,2000-10-21T01:11:25Z,,,0.1,0.1,0.08,1.0,,
illuminatiwatcher.com,unreliable,0.211,1,L,CP,0.1,,14.6,2012-02-16T02:18:04Z,0,,0.2,0.1,,0.73,,
ilovemyfreedom.org,fake,0.028,2,VL,FN,0.0,,11.1,2015-08-04T02:13:38.933Z,0,,0.0,0.0,,0.55,,
ilprimatonazionale.it,fake,0.033,1,M,FN,0.2,446756,,,,,0.0,0.2,0.06,,,
immediatesafety.org,fake,0.027,1,,,,,10.9,2015-10-05T17:18:07.355Z,0,,0.0,,,0.55,,
imperialcanews.com,fake,0.048,1,M,FN,0.2,,7.0,2019-08-30T15:05:49Z,0,,0.0,0.2,,0.35,,
in5d.com,unreliable,0.227,1,,,,381878,17.4,2009-04-18T21:29:58Z,0,,0.2,,0.07,0.87,,
independentminute.com,fake,0.038,1,L,FN,0.1,,9.2,2017-07-03T23:27:29Z,0,,0.0,0.1,,0.46,,
independentsciencenews.org,mixed,0.447,1,M,CP,0.2,400910,15.5,2011-03-21T18:05:29.569Z,,,0.5,0.2,0.07,0.78,,
independentsentinel.com,mixed,0.449,1,M,FN,0.2,226510,15.5,2011-03-17T18:06:26Z,,,0.5,0.2,0.11,0.78,,
indiaarising.com,unreliable,0.2,1,,,,,,,,,0.2,,,,,
indystandard.com,fake,0.048,1,M,FN,0.2,,7.0,2019-09-05T20:13:31Z,0,,0.0,0.2,,0.35,,
infiniteunknown.net,fake,0.049,2,VL,CP,0.0,522288,18.5,2008-03-02T22:52:14Z,0,,0.0,0.0,0.05,0.93,,
infogalactic.com,unreliable,0.202,1,L,FN,0.1,47916,10.6,2016-01-27T13:05:31Z,0,,0.2,0.1,0.22,0.53,,
informationclearinghouse.info,conspiracy,0.165,2,M,CP,0.2,60820,23.6,2003-02-05T21:18:49Z,0,,0.1,0.2,0.2,1.0,,
informationliberation.com,unreliable,0.221,1,L,FN,0.1,172131,21.9,2004-11-08T21:05:47Z,,,0.2,0.1,0.13,1.0,,
informer.rs,mixed,0.447,1,M,FN,0.2,8541,,,,,0.5,0.2,0.34,,,
informetoday.com,unreliable,0.2,1,,,,,,,,,0.2,,,,,
inforos.ru,unreliable,0.186,1,L,FN,0.1,54287,,,,,0.2,0.1,0.21,,,
infoscum.com,mixed,0.453,1,M,FN,0.2,,9.2,2017-07-01T17:52:01Z,0,,0.5,0.2,,0.46,,
infostormer.com,fake,0.03,1,,,,,12.1,2014-08-24T00:15:55Z,,,0.0,,,0.6,,
infowars.com,fake,0.139,2,VL,CP,0.0,21598,27.5,1999-03-07T05:00:00Z,7,,0.0,0.0,0.28,1.0,0.5,
ingredients.news,fake,0.028,1,VL,CP,0.0,,11.2,2015-07-12T23:44:09.98Z,0,,0.0,0.0,,0.56,,
insidethemagic.net,mixed,0.459,1,M,FN,0.2,35478,16.7,2010-01-01T17:26:59Z,0,,0.5,0.2,0.24,0.83,,
instapundit.com,mixed,0.466,1,M,FN,0.2,45149,25.3,2001-05-23T18:55:34Z,0,,0.5,0.2,0.22,1.0,,
instaworldnews.com,mixed,0.5,1,,,,,,,,,0.5,,,,,
insuranceratereporter.com,fake,0.046,1,M,FN,0.2,,6.5,2020-03-20T16:45:02Z,,,0.0,0.2,,0.33,,
intellihub.com,conspiracy,0.143,2,L,CP,0.1,384497,24.9,2001-11-04T19:10:28Z,,,0.1,0.1,0.07,1.0,,
interestingdailynews.com,fake,0.0,1,,,,,,,,,0.0,,,,,
interioralaskanews.com,fake,0.048,1,M,FN,0.2,,7.0,2019-09-04T20:54:38Z,0,,0.0,0.2,,0.35,,
internationalman.com,mixed,0.459,1,M,FN,0.2,304901,25.6,2001-02-22T12:44:56Z,,,0.5,0.2,0.09,1.0,,
intrendtoday.com,fake,0.0,1,,,,,,,,,0.0,,,,,
intrepidreport.com,mixed,0.514,1,,,,,15.6,2011-01-25T00:47:32Z,,,0.5,,,0.78,,
investmentresearchdynamics.com,conspiracy,0.127,1,,,,,12.9,2013-10-25T16:27:34Z,,,0.1,,,0.65,,
investmentwatchblog.com,fake,0.078,2,M,CP,0.2,147317,16.6,2010-02-07T05:17:30Z,0,,0.0,0.2,0.14,0.83,,
iowacitytoday.com,fake,0.048,1,M,FN,0.2,,7.2,2019-06-30T20:46:19Z,,,0.0,0.2,,0.36,,
iowaclimate.org,unreliable,0.2,1,L,CP,0.1,,9.8,2016-12-02T13:24:39.458Z,0,,0.2,0.1,,0.49,,
ipatriot.com,fake,0.08,1,M,FN,0.2,,22.5,2004-03-06T19:31:57Z,0,,0.0,0.2,,1.0,,
ironictimes.com,satire,0.335,1,,,,,26.3,2000-05-25T22:14:07Z,,,0.3,,,1.0,,
isgp-studies.com,unreliable,0.2,1,L,FN,0.1,,10.1,2016-08-03T22:57:23Z,0,,0.2,0.1,,0.51,,
islamicanews.com,satire,0.328,1,,,,,17.3,2009-06-11T08:23:25Z,,,0.3,,,0.86,,
israel365news.com,mixed,0.426,1,M,CP,0.2,232795,6.3,2020-06-10T22:55:40Z,,,0.5,0.2,0.11,0.32,,
israelislamandendtimes.com,unreliable,0.207,1,L,CP,0.1,,12.9,2013-11-03T04:02:25Z,,,0.2,0.1,,0.65,,
israelwarroom.com,mixed,0.445,1,M,FN,0.2,,6.1,2020-07-22T01:21:10Z,0,,0.5,0.2,,0.3,,
it.sputniknews.com,fake,0.037,1,VL,FN,0.0,,14.9,2011-10-24T00:15:14Z,0,,0.0,0.0,,0.74,,
itaglive.com,fake,0.047,1,,,,,18.8,2007-12-09T23:57:37Z,,,0.0,,,0.94,,
itccs.org,conspiracy,0.099,1,,,,,1.4,2025-04-13T15:15:11.605Z,0,,0.1,,,0.07,,
itemfix.com,mixed,0.433,1,M,FN,0.2,21633,5.8,2020-11-16T19:38:20Z,,,0.5,0.2,0.28,0.29,,
itmakessenseblog.com,fake,0.041,1,,,,,16.3,2010-06-10T16:54:10Z,0,,0.0,,,0.82,,
ivmmeta.com,mixed,0.421,1,M,FN,0.2,748262,5.8,2020-11-24T03:24:55Z,,,0.5,0.2,0.02,0.29,,
iwanttoexplore.com,fake,0.002,1,,,,,0.8,2025-12-15T11:22:10Z,,,0.0,,,0.04,,
iz.ru,mixed,0.45,1,M,FN,0.2,3742,,,,,0.5,0.2,0.4,,,
jackpineradicals.com,mixed,0.503,1,,,,,11.1,2015-08-26T02:23:45Z,,,0.5,,,0.55,,
jacksonpurchasenews.com,fake,0.048,1,M,FN,0.2,,7.0,2019-09-04T20:54:34Z,,,0.0,0.2,,0.35,,
jacobinmag.com,mixed,0.503,1,,,,30462,16.2,2010-07-18T08:03:13Z,0,,0.5,,0.25,0.81,,
jamesrgrangerjr.com,mixed,0.52,1,,,,,17.9,2008-10-13T00:42:36Z,0,,0.5,,,0.89,,
jbs.org,unreliable,0.22,1,L,FN,0.1,285503,30.3,1996-06-12T04:00:00.446Z,0,,0.2,0.1,0.09,1.0,,
jedanews.com,unreliable,0.192,1,L,CP,0.1,,6.9,2019-10-16T08:14:52Z,,,0.2,0.1,,0.35,,
jeffcitynews.com,fake,0.048,1,M,FN,0.2,,7.2,2019-07-03T17:53:22Z,,,0.0,0.2,,0.36,,
jeffcotimes.com,fake,0.048,1,M,FN,0.2,,7.2,2019-07-03T17:53:25Z,,,0.0,0.2,,0.36,,
jeffersonreporter.com,fake,0.048,1,M,FN,0.2,,7.0,2019-09-05T20:13:34Z,0,,0.0,0.2,,0.35,,
jesus-is-savior.com,fake,0.056,2,VL,CP,0.0,177921,24.4,2002-05-10T06:16:07Z,0,,0.0,0.0,0.12,1.0,,
jesusdaily.com,unreliable,0.225,1,L,CP,0.1,,25.6,2001-01-25T15:08:24Z,,,0.2,0.1,,1.0,,
jewsnews.co.il,fake,0.0,1,,,,,,,,,0.0,,,,,
jihadwatch.org,conspiracy,0.148,1,,,,95604,23.0,2003-09-23T13:15:31Z,,,0.1,,0.17,1.0,,
jocotoday.com,fake,0.048,1,M,FN,0.2,,7.0,2019-09-05T20:13:44Z,0,,0.0,0.2,,0.35,,
joebiden.news,fake,0.145,1,VL,CP,0.0,,8.8,2017-11-25T17:57:23.003Z,2,,0.0,0.0,,0.44,0.82,
joeforamerica.com,unreliable,0.21,1,L,FN,0.1,,13.8,2012-11-14T20:48:48Z,0,,0.2,0.1,,0.69,,
joerogan.com,mixed,0.457,1,M,FN,0.2,602334,28.0,1998-09-01T04:00:00Z,0,,0.5,0.2,0.04,1.0,,
johnnyrobish.com,satire,0.335,1,,,,,21.0,2005-09-04T07:56:06Z,0,,0.3,,,1.0,,
johnstonreporter.com,fake,0.048,1,M,FN,0.2,,7.2,2019-06-30T20:46:19Z,,,0.0,0.2,,0.36,,
jonesborotimes.com,fake,0.048,1,M,FN,0.2,,7.0,2019-09-05T20:13:50Z,0,,0.0,0.2,,0.35,,
jonesreport.com,conspiracy,0.145,1,,,,,25.7,2001-01-15T22:32:04Z,0,,0.1,,,1.0,,
journal-neo.org,unreliable,0.181,2,L,FN,0.1,183125,,,,,0.2,0.1,0.12,,,
judicialwatch.org,fake,0.076,2,L,FN,0.1,46266,29.2,1997-07-16T04:00:00.124Z,,,0.0,0.1,0.22,1.0,,
judithcurry.com,fake,0.075,1,M,CP,0.2,299302,16.1,2010-08-13T16:59:01Z,0,,0.0,0.2,0.09,0.81,,
junkscience.com,unreliable,0.22,1,L,CP,0.1,234459,30.6,1996-02-16T05:00:00Z,,,0.2,0.1,0.1,1.0,,
justonefocus.org,fake,0.011,1,VL,CP,0.0,,4.2,2022-07-04T06:45:09.629Z,,,0.0,0.0,,0.21,,
justthefacts.org,mixed,0.48,1,M,FN,0.2,,28.3,1998-05-11T04:00:00.802Z,0,,0.5,0.2,,1.0,,
justthenews.com,mixed,0.467,1,M,FN,0.2,39196,21.1,2005-07-23T18:38:47Z,,,0.5,0.2,0.23,1.0,,
jw.org,unreliable,0.359,1,L,CP,0.1,1180,27.5,1999-03-06T05:00:00.335Z,1,,0.2,0.1,0.49,1.0,1.0,
kalamazootimes.com,fake,0.048,1,M,FN,0.2,,7.2,2019-06-30T20:45:52Z,0,,0.0,0.2,,0.36,,
kanecountyreporter.com,fake,0.056,1,M,FN,0.2,,10.5,2016-03-23T08:26:11Z,,,0.0,0.2,,0.53,,
kankakeetimes.com,fake,0.058,1,M,FN,0.2,,11.1,2015-08-21T16:18:29Z,0,,0.0,0.2,,0.55,,
katehon.com,unreliable,0.199,2,L,FN,0.1,260656,11.7,2014-12-20T10:10:33Z,,,0.2,0.1,0.1,0.58,,
kauaisun.com,fake,0.048,1,M,FN,0.2,,7.0,2019-09-04T20:54:40Z,,,0.0,0.2,,0.35,,
kcreporter.com,fake,0.048,1,M,FN,0.2,,7.2,2019-07-03T17:53:22Z,,,0.0,0.2,,0.36,,
kendallcountytimes.com,fake,0.053,1,M,FN,0.2,,9.2,2017-06-19T21:09:17Z,0,,0.0,0.2,,0.46,,
kentcountytoday.com,fake,0.048,1,M,FN,0.2,,7.2,2019-06-30T20:46:39Z,,,0.0,0.2,,0.36,,
kentuckianatimes.com,fake,0.048,1,M,FN,0.2,,7.0,2019-09-05T20:13:43Z,,,0.0,0.2,,0.35,,
kerncountytimes.com,fake,0.048,1,M,FN,0.2,,7.0,2019-08-30T15:05:22Z,,,0.0,0.2,,0.35,,
keystonenewsroom.com,fake,0.047,1,M,FN,0.2,,6.7,2020-01-15T23:12:09Z,,,0.0,0.2,,0.34,,
keywestreporter.com,fake,0.048,1,M,FN,0.2,,7.2,2019-07-03T17:53:21Z,0,,0.0,0.2,,0.36,,
kingscountytimes.com,fake,0.048,1,M,FN,0.2,,7.0,2019-08-30T15:05:39Z,0,,0.0,0.2,,0.35,,
kiwifarms.net,unreliable,0.196,1,L,FN,0.1,281976,10.6,2016-02-01T21:58:46Z,0,,0.2,0.1,0.09,0.53,,
kla.tv,fake,0.161,1,VL,CP,0.0,158937,12.5,2014-03-12T09:08:01Z,2,,0.0,0.0,0.13,0.62,0.82,
kmt11.com,fake,0.026,1,,,,,10.3,2016-06-13T17:24:54Z,,,0.0,,,0.52,,
knowledgeoftoday.org,conspiracy,0.132,2,L,CP,0.1,,14.8,2011-11-17T22:54:55.451Z,,,0.1,0.1,,0.74,,
kokomostandard.com,fake,0.048,1,M,FN,0.2,,7.0,2019-09-05T20:13:50Z,0,,0.0,0.2,,0.35,,
konkonsagh.biz,fake,0.003,1,,,,,1.0,2025-09-21T04:43:36Z,,,0.0,,,0.05,,
kp.ru,mixed,0.45,1,M,FN,0.2,3794,,,,,0.5,0.2,0.4,,,
krbcnews.com,fake,0.026,1,,,,,10.4,2016-04-09T05:10:04Z,0,,0.0,,,0.52,,
kremlin.ru,mixed,0.449,1,M,FN,0.2,5128,,,,,0.5,0.2,0.38,,,
kunstler.com,unreliable,0.236,1,L,,0.2,188150,29.3,1997-05-21T04:00:00Z,,,0.2,0.2,0.12,1.0,,
ky12news.com,fake,0.0,1,,,,,,,,,0.0,,,,,
lacrosseleader.org,fake,0.041,1,M,FN,0.2,,4.6,2022-02-15T19:23:30.621Z,0,,0.0,0.2,,0.23,,
ladylibertynews.com,fake,0.0,1,,,,,,,,,0.0,,,,,
lafayettereporter.com,fake,0.048,1,M,FN,0.2,,7.0,2019-09-05T20:13:35Z,,,0.0,0.2,,0.35,,
lafayettetimes.com,fake,0.048,1,M,FN,0.2,,7.0,2019-09-05T20:13:46Z,0,,0.0,0.2,,0.35,,
laharbornews.com,fake,0.048,1,M,FN,0.2,,7.0,2019-08-30T15:05:51Z,,,0.0,0.2,,0.35,,
lakecountygazette.com,fake,0.058,1,M,FN,0.2,,11.1,2015-08-21T16:18:29Z,0,,0.0,0.2,,0.55,,
lakecountytimes.com,fake,0.048,1,M,FN,0.2,,7.2,2019-06-30T20:46:07Z,0,,0.0,0.2,,0.36,,
lakeregionnews.com,fake,0.047,1,M,FN,0.2,,6.9,2019-10-15T14:55:15Z,,,0.0,0.2,,0.35,,
laketahoesun.com,fake,0.048,1,M,FN,0.2,,7.0,2019-08-30T15:05:36Z,,,0.0,0.2,,0.35,,
lancastercourier.com,mixed,0.434,1,M,FN,0.2,,1.7,2024-12-16T19:30:35Z,,,0.5,0.2,,0.08,,
landoverbaptist.org,satire,0.324,1,,,,363832,27.6,1999-02-07T05:00:00Z,0,,0.3,,0.07,1.0,,
laneconews.com,fake,0.048,1,M,FN,0.2,,7.0,2019-09-04T20:54:34Z,0,,0.0,0.2,,0.35,,
lansingsun.com,fake,0.048,1,M,FN,0.2,,7.2,2019-06-30T20:46:44Z,,,0.0,0.2,,0.36,,
larimernews.com,fake,0.048,1,M,FN,0.2,,7.0,2019-09-04T20:54:45Z,,,0.0,0.2,,0.35,,
larouchepac.com,unreliable,0.219,1,L,CP,0.1,348441,22.2,2004-06-24T01:37:45Z,,,0.2,0.1,0.08,1.0,,
lastdeplorables.com,fake,0.0,1,,,,,,,,,0.0,,,,,
lastfrontiernews.com,fake,0.048,1,M,FN,0.2,,7.0,2019-09-04T20:54:41Z,,,0.0,0.2,,0.35,,
lasvegascitywire.com,mixed,0.445,1,M,FN,0.2,,5.8,2020-12-07T03:17:20Z,0,,0.5,0.2,,0.29,,
latitudes.org,mixed,0.455,1,M,CP,0.2,916848,29.4,1997-04-17T04:00:00.948Z,0,,0.5,0.2,0.01,1.0,,
laverita.info,mixed,0.44,1,M,FN,0.2,72357,10.2,2016-07-21T19:20:50.857Z,,,0.5,0.2,0.19,0.51,,
lawrencereporter.com,fake,0.048,1,M,FN,0.2,,7.0,2019-09-05T20:13:41Z,,,0.0,0.2,,0.35,,
laxleader.com,fake,0.048,1,M,FN,0.2,,7.0,2019-08-30T15:05:20Z,,,0.0,0.2,,0.35,,
lc.org,unreliable,0.22,1,L,FN,0.1,221405,30.4,1996-05-03T04:00:00.928Z,0,,0.2,0.1,0.11,1.0,,
learnprogress.org,fake,0.025,1,,,,,9.8,2016-11-11T22:33:45.25Z,,,0.0,,,0.49,,
learntherisk.org,fake,0.027,1,VL,CP,0.0,,10.9,2015-10-20T21:59:23.069Z,0,,0.0,0.0,,0.55,,
leftaction.com,unreliable,0.215,1,L,FN,0.1,,16.2,2010-07-06T18:44:12Z,,,0.2,0.1,,0.81,,
leftcult.com,fake,0.022,1,VL,CP,0.0,,8.8,2017-11-25T17:55:34Z,0,,0.0,0.0,,0.44,,
leftexposed.org,unreliable,0.205,1,L,FN,0.1,,11.8,2014-12-05T17:57:54.067Z,,,0.2,0.1,,0.59,,
legalnewsline.com,fake,0.087,1,M,FN,0.2,165655,20.0,2006-09-18T21:00:39Z,0,,0.0,0.2,0.13,1.0,,
legitgov.org,mixed,0.456,1,M,CP,0.2,735108,25.7,2000-12-31T02:16:39.832Z,,,0.5,0.2,0.02,1.0,,
lehighnews.org,fake,0.041,1,M,FN,0.2,,4.6,2022-02-07T16:55:18.452Z,0,,0.0,0.2,,0.23,,
lenta.ru,mixed,0.451,1,M,FN,0.2,3149,,,,,0.5,0.2,0.42,,,
lesmoutonsrebelles.com,fake,0.026,1,VL,CP,0.0,,10.5,2016-03-02T11:36:08Z,,,0.0,0.0,,0.53,,
lewistontimes.com,fake,0.047,1,M,FN,0.2,,6.9,2019-10-15T14:55:21Z,0,,0.0,0.2,,0.35,,
lewrockwell.com,fake,0.077,2,L,FN,0.1,31989,27.6,1999-01-28T05:00:00Z,,,0.0,0.1,0.25,1.0,,
liberalamerica.org,unreliable,0.224,1,,,,,13.5,2013-03-24T07:35:08.705Z,,,0.2,,,0.68,,
liberalbias.com,satire,0.335,1,,,,,23.3,2003-06-11T18:41:10Z,,,0.3,,,1.0,,
liberaldarkness.com,fake,0.029,1,,,,,11.4,2015-05-09T23:25:05Z,0,,0.0,,,0.57,,
liberalplug.com,fake,0.006,1,,,,,2.2,2024-07-10T03:23:16Z,,,0.0,,,0.11,,
liberty.news,fake,0.028,1,VL,CP,0.0,,11.2,2015-07-12T17:00:00.107Z,,,0.0,0.0,,0.56,,
libertyalliance.com,fake,0.05,1,,,,,27.8,1998-11-27T05:00:00Z,,,0.0,,,1.0,,
libertybell.com,unreliable,0.225,1,L,FN,0.1,,23.3,2003-06-07T18:10:31Z,,,0.2,0.1,,1.0,,
libertyblitzkrieg.com,fake,0.038,1,,,,583973,14.5,2012-03-03T21:43:01Z,0,,0.0,,0.04,0.72,,
libertyfederation.com,unreliable,0.227,1,,,,,14.6,2012-02-16T22:47:51Z,0,,0.2,,,0.73,,
libertyhangout.org,unreliable,0.203,1,L,FN,0.1,,11.3,2015-05-18T20:48:12.313Z,0,,0.2,0.1,,0.57,,
libertymovementradio.com,conspiracy,0.13,1,,,,,13.9,2012-10-20T12:04:32Z,0,,0.1,,,0.7,,
libertynews.com,unreliable,0.225,2,L,FN,0.1,,23.9,2002-10-27T06:29:02Z,,,0.2,0.1,,1.0,,
libertyplanets.com,fake,0.016,1,VL,CP,0.0,,6.6,2020-02-18T17:45:18Z,,,0.0,0.0,,0.33,,
libertytalk.fm,conspiracy,0.14,2,M,FN,0.2,,12.0,2014-09-09T23:59:59.0Z,0,,0.1,0.2,,0.6,,
libertyunyielding.com,mixed,0.486,1,,,,674380,13.8,2012-11-11T20:28:10Z,0,,0.5,,0.03,0.69,,
libertyvideos.org,conspiracy,0.145,2,L,CP,0.1,,20.2,2006-06-30T22:17:01Z,0,,0.1,0.1,,1.0,,
libertywire.net,fake,0.006,1,VL,FN,0.0,,2.2,2024-07-03T18:03:28Z,0,,0.0,0.0,,0.11,,
libertywritersnews.com,unreliable,0.216,1,,,,,10.3,2016-06-01T03:29:06Z,,,0.2,,,0.52,,
libtards.news,fake,0.027,1,VL,CP,0.0,,10.8,2015-12-14T00:07:39.053Z,,,0.0,0.0,,0.54,,
lickingtoday.com,fake,0.048,1,M,FN,0.2,,7.2,2019-06-30T20:46:41Z,,,0.0,0.2,,0.36,,
lifeadvancer.com,mixed,0.461,1,M,CP,0.2,,12.3,2014-06-11T16:37:50Z,0,,0.5,0.2,,0.61,,
lifeandabout.com,mixed,0.503,1,,,,,11.1,2015-07-28T17:04:31Z,,,0.5,,,0.55,,
lifenews.com,unreliable,0.225,2,L,FN,0.1,67496,24.9,2001-10-21T20:17:21Z,0,,0.2,0.1,0.2,1.0,,
lifeprevention.com,unreliable,0.211,1,,,,,8.3,2018-05-31T18:59:43Z,0,,0.2,,,0.42,,
lifesitenews.com,fake,0.078,2,L,FN,0.1,24689,24.0,2002-09-21T19:34:22Z,0,,0.0,0.1,0.27,1.0,,
lifespa.com,unreliable,0.217,1,L,CP,0.1,635475,29.2,1997-07-14T04:00:00Z,,,0.2,0.1,0.03,1.0,,
lifezette.com,unreliable,0.216,1,,,,163153,11.9,2014-10-15T20:33:25Z,,,0.2,,0.13,0.59,,
limareporter.com,fake,0.048,1,M,FN,0.2,,7.2,2019-06-30T20:46:20Z,0,,0.0,0.2,,0.36,,
lindelltv.com,fake,0.023,1,VL,FN,0.0,318620,7.7,2019-01-14T22:05:23Z,0,,0.0,0.0,0.08,0.39,,
litchfieldhillstoday.com,fake,0.048,1,M,FN,0.2,,7.0,2019-09-05T20:13:25Z,0,,0.0,0.2,,0.35,,
littleappletimes.com,fake,0.048,1,M,FN,0.2,,7.0,2019-09-05T20:13:32Z,,,0.0,0.2,,0.35,,
littlethings.com,mixed,0.464,1,M,CP,0.2,90262,24.9,2001-10-29T18:57:27Z,0,,0.5,0.2,0.17,1.0,,
liveaction.org,fake,0.088,1,M,CP,0.2,124236,25.3,2001-06-11T11:05:50.589Z,0,,0.0,0.2,0.15,1.0,,
liveactionnews.org,mixed,0.511,1,,,,,14.6,2012-01-30T21:00:52.07Z,,,0.5,,,0.73,,
liveleak.com,mixed,0.47,1,M,FN,0.2,13301,19.9,2006-10-10T11:02:10Z,,,0.5,0.2,0.31,0.99,,
livestrong.com,mixed,0.471,1,M,CP,0.2,11344,24.2,2002-07-12T17:00:40Z,0,,0.5,0.2,0.32,1.0,,
livevote.com,unreliable,0.24,1,,,,,22.2,2004-06-20T18:41:58Z,0,,0.2,,,1.0,,
livingstonetoday.com,mixed,0.455,1,M,FN,0.2,,,,,,0.5,0.2,,,,
livingstontoday.com,fake,0.048,1,M,FN,0.2,,7.2,2019-06-30T20:46:42Z,,,0.0,0.2,,0.36,,
livingwhole.org,mixed,0.441,1,M,CP,0.2,,4.5,2022-03-12T14:30:41.462Z,,,0.5,0.2,,0.23,,
loanpride.com,unreliable,0.215,1,,,,,10.2,2016-06-27T15:13:03Z,0,,0.2,,,0.51,,
local31news.com,fake,0.0,1,,,,,,,,,0.0,,,,,
londonreal.tv,unreliable,0.204,1,L,CP,0.1,635829,14.9,2011-10-16T15:42:23Z,,,0.2,0.1,0.03,0.74,,
londonwebnews.com,fake,0.039,1,L,FN,0.1,,9.5,2017-03-20T22:42:37Z,,,0.0,0.1,,0.47,,
loonwatch.com,unreliable,0.219,1,L,FN,0.1,,17.5,2009-04-02T03:40:43Z,0,,0.2,0.1,,0.88,,
loraintimes.com,fake,0.048,1,M,FN,0.2,,7.2,2019-06-30T20:46:44Z,0,,0.0,0.2,,0.36,,
louderwithcrowder.com,mixed,0.445,1,M,FN,0.2,249932,13.8,2012-12-03T20:15:04Z,0,,0.5,0.2,0.1,0.69,,
louisvillecitywire.com,fake,0.048,1,M,FN,0.2,,7.0,2019-09-04T20:54:37Z,0,,0.0,0.2,,0.35,,
lovethispic.com,unreliable,0.224,1,,,,151510,14.9,2011-10-12T18:44:13Z,0,,0.2,,0.14,0.74,,
lowedeltanews.com,fake,0.048,1,M,FN,0.2,,7.0,2019-09-05T20:13:32Z,,,0.0,0.2,,0.35,,
lucianne.com,mixed,0.46,1,M,FN,0.2,222188,27.5,1999-03-17T05:00:00Z,0,,0.5,0.2,0.11,1.0,,
lushforlife.com,satire,0.335,1,,,,,21.3,2005-06-03T18:09:56Z,0,,0.3,,,1.0,,
mabusinessdaily.com,fake,0.052,1,M,FN,0.2,,8.6,2018-02-16T20:44:04Z,0,,0.0,0.2,,0.43,,
macombdigest.com,fake,0.041,1,M,FN,0.2,,4.6,2022-02-07T17:08:09Z,0,,0.0,0.2,,0.23,,
macombtoday.com,fake,0.048,1,M,FN,0.2,,7.2,2019-06-30T20:46:27Z,0,,0.0,0.2,,0.36,,
maconreport.com,fake,0.041,1,M,FN,0.2,,4.6,2022-02-07T16:55:37Z,0,,0.0,0.2,,0.23,,
maconreporter.com,fake,0.056,1,M,FN,0.2,,10.3,2016-06-07T18:39:29Z,0,,0.0,0.2,,0.52,,
macontimes.com,fake,0.048,1,M,FN,0.2,,7.0,2019-09-05T20:13:31Z,0,,0.0,0.2,,0.35,,
macroevolution.net,unreliable,0.22,1,L,CP,0.1,,18.1,2008-08-14T17:33:11Z,0,,0.2,0.1,,0.91,,
mad-yet.blogspot.com,unreliable,0.24,1,,,,,26.1,2000-07-31T21:38:58Z,0,,0.2,,,1.0,,
madpatriots.com,unreliable,0.2,1,,,,,,,,,0.2,,,,,
madworldnews.com,fake,0.047,2,L,FN,0.1,,12.7,2013-12-25T21:29:24Z,,,0.0,0.1,,0.64,,
magafeed.com,fake,0.025,1,,,,,10.1,2016-07-31T07:28:13Z,0,,0.0,,,0.51,,
maganews.co,fake,0.0,1,,,,,,,,,0.0,,,,,
magapac.com,unreliable,0.194,1,L,FN,0.1,,7.5,2019-03-11T18:37:26Z,0,,0.2,0.1,,0.38,,
magapill.com,mixed,0.431,1,M,FN,0.2,,0.6,2026-02-23T19:06:58Z,0,,0.5,0.2,,0.03,,
magicvalleytimes.com,mixed,0.448,1,M,FN,0.2,,7.0,2019-09-04T20:54:42Z,0,,0.5,0.2,,0.35,,
magnoliastatenews.com,fake,0.047,1,M,FN,0.2,,6.9,2019-10-15T14:55:26Z,,,0.0,0.2,,0.35,,
mainehighlandsnews.com,fake,0.047,1,M,FN,0.2,,6.9,2019-10-15T14:55:20Z,,,0.0,0.2,,0.35,,
mainelakesnews.com,fake,0.047,1,M,FN,0.2,,6.9,2019-10-15T14:55:27Z,0,,0.0,0.2,,0.35,,
mainstreamfakemedia.com,unreliable,0.199,1,L,FN,0.1,,9.6,2017-02-13T19:39:00Z,,,0.2,0.1,,0.48,,
majorthoughts.com,fake,0.002,1,,,,,0.6,2026-02-03T19:36:49Z,0,,0.0,,,0.03,,
makeamericagreattoday.com,fake,0.02,1,,,,,7.8,2018-11-15T19:58:12Z,,,0.0,,,0.39,,
manateereview.com,fake,0.048,1,M,FN,0.2,,7.2,2019-07-03T17:53:19Z,0,,0.0,0.2,,0.36,,
manilabusinessdaily.com,fake,0.052,1,M,FN,0.2,,8.8,2017-11-24T18:13:19Z,0,,0.0,0.2,,0.44,,
mansfieldtimes.com,fake,0.048,1,M,FN,0.2,,7.2,2019-06-30T20:46:38Z,0,,0.0,0.2,,0.36,,
marinleader.com,fake,0.048,1,M,FN,0.2,,7.0,2019-08-30T15:05:14Z,0,,0.0,0.2,,0.35,,
marionmorrowtimes.com,fake,0.048,1,M,FN,0.2,,7.2,2019-06-30T20:46:20Z,0,,0.0,0.2,,0.36,,
matsutimes.com,fake,0.048,1,M,FN,0.2,,7.0,2019-09-04T22:00:07Z,0,,0.0,0.2,,0.35,,
mauireporter.com,fake,0.048,1,M,FN,0.2,,7.0,2019-09-04T20:54:48Z,,,0.0,0.2,,0.35,,
mchenrytimes.com,fake,0.058,1,M,FN,0.2,,11.1,2015-08-21T16:18:29Z,,,0.0,0.2,,0.55,,
mcleancountytimes.com,fake,0.056,1,M,FN,0.2,,10.3,2016-06-07T18:43:39Z,0,,0.0,0.2,,0.52,,
mdbusinessdaily.com,fake,0.052,1,M,FN,0.2,,8.6,2018-02-16T20:44:05Z,0,,0.0,0.2,,0.43,,
mdstatewire.com,fake,0.051,1,M,FN,0.2,,8.4,2018-04-04T21:46:08Z,0,,0.0,0.2,,0.42,,
meanlefthook.com,unreliable,0.191,1,,,,,0.4,2026-04-19T22:50:29Z,0,,0.2,,,0.02,,
mecklenburgherald.com,fake,0.041,1,M,FN,0.2,,4.6,2022-02-07T17:08:09Z,,,0.0,0.2,,0.23,,
mediafactwatch.com,fake,0.028,1,VL,CP,0.0,,11.3,2015-06-02T23:06:37Z,0,,0.0,0.0,,0.57,,
mediamass.net,fake,0.043,1,,,,122312,14.1,2012-08-05T23:48:08Z,0,,0.0,,0.15,0.7,,
mediaroots.org,mixed,0.472,1,M,CP,0.2,,16.9,2009-10-05T04:41:05.736Z,,,0.5,0.2,,0.84,,
mediazone.news,unreliable,0.192,1,,,,,0.9,2025-10-21T15:28:34.709Z,,,0.2,,,0.04,,
medicalcensorship.com,fake,0.015,1,VL,CP,0.0,,6.1,2020-08-02T16:24:34Z,0,,0.0,0.0,,0.3,,
medicaldaily.com,mixed,0.469,1,M,CP,0.2,23384,21.8,2004-11-18T19:20:03Z,,,0.5,0.2,0.27,1.0,,
medicalkidnap.com,fake,0.032,1,VL,CP,0.0,588654,12.0,2014-10-03T00:15:37Z,0,,0.0,0.0,0.04,0.6,,
medicalmedium.com,unreliable,0.205,1,L,CP,0.1,246770,14.1,2012-07-27T18:23:49Z,0,,0.2,0.1,0.1,0.7,,
medicine.news,unreliable,0.203,1,L,CP,0.1,,11.2,2015-07-10T17:00:00.003Z,,,0.2,0.1,,0.56,,
medinatoday.com,fake,0.048,1,M,FN,0.2,,7.2,2019-06-30T20:46:07Z,0,,0.0,0.2,,0.36,,
medusamagazine.com,mixed,0.453,1,M,CP,0.2,,9.3,2017-06-08T19:58:47Z,0,,0.5,0.2,,0.47,,
meforum.org,unreliable,0.225,1,L,FN,0.1,56615,26.3,2000-06-09T20:14:55.332Z,0,,0.2,0.1,0.21,1.0,,
megafreshnews.com,unreliable,0.2,1,,,,,,,,,0.2,,,,,
megynkelly.us,fake,0.0,1,,,,,,,,,0.0,,,,,
memri.org,mixed,0.466,1,M,FN,0.2,43213,28.8,1997-11-26T05:00:00.396Z,,,0.5,0.2,0.23,1.0,,
mena.org.eg/en,mixed,0.455,1,M,FN,0.2,,,,,,0.5,0.2,,,,
mentor2day.com,fake,0.0,1,,,,,,,,,0.0,,,,,
mercedtimes.com,fake,0.048,1,M,FN,0.2,,7.0,2019-08-30T15:05:39Z,,,0.0,0.2,,0.35,,
mercertimes.com,fake,0.047,1,M,FN,0.2,,6.9,2019-10-15T14:55:24Z,,,0.0,0.2,,0.35,,
mercola.com,fake,0.08,1,L,CP,0.1,15090,28.7,1997-12-30T05:00:00Z,0,,0.0,0.1,0.3,1.0,,
merica1st.com,unreliable,0.176,1,L,FN,0.1,,0.3,2026-05-22T20:17:18Z,0,,0.2,0.1,,0.01,,
merrimackvalleynews.com,fake,0.047,1,M,FN,0.2,,6.9,2019-10-15T14:55:24Z,0,,0.0,0.2,,0.35,,
mesatimes.com,mixed,0.463,1,M,FN,0.2,,13.4,2013-04-16T22:01:15Z,0,,0.5,0.2,,0.67,,
metricmedianews.com,fake,0.048,1,M,FN,0.2,,7.0,2019-09-30T20:01:35Z,,,0.0,0.2,,0.35,,
metroeastsun.com,fake,0.058,1,M,FN,0.2,,11.1,2015-08-21T16:18:29Z,0,,0.0,0.2,,0.55,,
metrolexnews.com,fake,0.048,1,M,FN,0.2,,7.0,2019-09-04T20:54:48Z,0,,0.0,0.2,,0.35,,
metropolitanworlds.com,fake,0.0,1,,,,,,,,,0.0,,,,,
metrowesttimes.com,fake,0.047,1,M,FN,0.2,,6.9,2019-10-15T14:55:21Z,,,0.0,0.2,,0.35,,
mexicobusinessdaily.com,fake,0.051,1,M,FN,0.2,,8.3,2018-05-14T21:07:41Z,0,,0.0,0.2,,0.42,,
mexicodailypost.com,mixed,0.422,1,M,FN,0.2,547617,6.0,2020-09-01T22:23:44Z,,,0.5,0.2,0.04,0.3,,
mgtow.tv,unreliable,0.185,1,L,FN,0.1,615808,7.3,2019-06-15T07:28:25Z,,,0.2,0.1,0.04,0.36,,
miamicourant.com,fake,0.048,1,M,FN,0.2,,7.2,2019-07-03T17:53:19Z,0,,0.0,0.2,,0.36,,
miamistandard.news,mixed,0.438,1,M,FN,0.2,,3.1,2023-08-09T15:15:44.743Z,,,0.5,0.2,,0.15,,
mibusinessdaily.com,fake,0.052,1,M,FN,0.2,,8.6,2018-02-16T20:44:05Z,,,0.0,0.2,,0.43,,
micapitolnews.com,fake,0.048,1,M,FN,0.2,,7.2,2019-06-30T20:46:07Z,0,,0.0,0.2,,0.36,,
micatholictribune.com,fake,0.046,1,M,FN,0.2,,6.5,2020-03-30T17:39:21Z,0,,0.0,0.2,,0.33,,
micdroppolitics.com,unreliable,0.192,1,L,FN,0.1,,6.6,2020-02-18T17:45:21Z,,,0.2,0.1,,0.33,,
michaelsalla.com,unreliable,0.199,1,L,CP,0.1,,9.5,2017-03-03T16:23:27Z,,,0.2,0.1,,0.47,,
michiganindependent.com,fake,0.063,1,M,FN,0.2,,13.1,2013-08-26T18:25:22Z,0,,0.0,0.2,,0.66,,
michoacanpost.com,mixed,0.445,1,M,FN,0.2,,6.0,2020-09-01T21:51:00Z,0,,0.5,0.2,,0.3,,
midcoasttimes.com,fake,0.048,1,M,FN,0.2,,7.0,2019-09-04T20:54:49Z,0,,0.0,0.2,,0.35,,
midcoasttoday.com,fake,0.047,1,M,FN,0.2,,6.9,2019-10-15T14:55:13Z,0,,0.0,0.2,,0.35,,
midmassnews.com,fake,0.047,1,M,FN,0.2,,6.9,2019-10-15T14:55:20Z,0,,0.0,0.2,,0.35,,
midmichiganstd.com,fake,0.041,1,M,FN,0.2,,4.6,2022-02-07T17:08:22Z,0,,0.0,0.2,,0.23,,
midvalleyreporter.com,fake,0.048,1,M,FN,0.2,,7.0,2019-09-04T20:54:38Z,,,0.0,0.2,,0.35,,
milehighsentinel.com,fake,0.04,1,M,FN,0.2,,4.1,2022-08-12T12:20:07Z,,,0.0,0.2,,0.2,,
militarywatchmagazine.com,mixed,0.435,1,M,FN,0.2,108331,8.6,2018-02-08T12:25:07Z,0,,0.5,0.2,0.16,0.43,,
militianews.com,conspiracy,0.098,1,,,,,1.1,2025-07-24T18:03:25Z,,,0.1,,,0.06,,
milwaukeemetrotimes.com,fake,0.041,1,M,FN,0.2,,4.6,2022-02-15T19:23:29Z,0,,0.0,0.2,,0.23,,
mindbodygreen.com,mixed,0.469,1,M,CP,0.2,12286,19.2,2007-06-28T16:09:45Z,,,0.5,0.2,0.32,0.96,,
mindmatters.ai,unreliable,0.19,1,L,CP,0.1,225841,7.9,2018-10-15T18:56:19Z,,,0.2,0.1,0.11,0.4,,
minneapolisreview.com,fake,0.048,1,M,FN,0.2,,7.2,2019-07-03T17:53:20Z,,,0.0,0.2,,0.36,,
minnesotastatewire.com,fake,0.048,1,M,FN,0.2,,7.2,2019-07-03T17:53:19Z,0,,0.0,0.2,,0.36,,
mintpressnews.com,unreliable,0.212,2,L,FN,0.1,48033,14.6,2012-02-06T16:48:32Z,,,0.2,0.1,0.22,0.73,,
mixi.media,unreliable,0.198,1,L,FN,0.1,39715,8.4,2018-04-12T15:15:46.23Z,0,,0.2,0.1,0.23,0.42,,
mnbusinessdaily.com,fake,0.052,1,M,FN,0.2,,8.6,2018-02-16T20:44:11Z,,,0.0,0.2,,0.43,,
mncatholictribune.com,fake,0.046,1,M,FN,0.2,,6.5,2020-03-30T17:39:22Z,0,,0.0,0.2,,0.33,,
mobilecourant.com,fake,0.048,1,M,FN,0.2,,7.0,2019-09-05T20:13:43Z,0,,0.0,0.2,,0.35,,
mobusinessdaily.com,fake,0.052,1,M,FN,0.2,,8.6,2018-02-16T20:55:24Z,0,,0.0,0.2,,0.43,,
modernalternativemama.com,mixed,0.471,1,M,CP,0.2,,16.6,2010-02-05T22:39:00Z,,,0.5,0.2,,0.83,,
mohavetoday.com,fake,0.048,1,M,FN,0.2,,7.2,2019-07-03T17:53:24Z,0,,0.0,0.2,,0.36,,
mohawkvalleytimes.com,fake,0.047,1,M,FN,0.2,,6.9,2019-10-15T14:55:33Z,,,0.0,0.2,,0.35,,
molonlabemedia.com,conspiracy,0.122,1,,,,,10.8,2015-11-21T20:36:51Z,0,,0.1,,,0.54,,
momsforliberty.org,mixed,0.422,1,M,FN,0.2,572649,5.8,2020-11-11T14:31:09.486Z,,,0.5,0.2,0.04,0.29,,
mondoweiss.net,mixed,0.46,1,M,FN,0.2,42479,17.6,2009-02-10T19:57:26Z,,,0.5,0.2,0.23,0.88,,
monmouthtimes.com,fake,0.047,1,M,FN,0.2,,6.9,2019-10-15T14:55:12Z,0,,0.0,0.2,,0.35,,
monroenynews.com,fake,0.047,1,M,FN,0.2,,6.9,2019-10-15T14:55:14Z,,,0.0,0.2,,0.35,,
monroereview.com,fake,0.048,1,M,FN,0.2,,7.2,2019-06-30T20:45:48Z,0,,0.0,0.2,,0.36,,
montereytimes.com,fake,0.048,1,M,FN,0.2,,7.0,2019-08-30T15:05:49Z,,,0.0,0.2,,0.35,,
monterreydailypost.com,mixed,0.445,1,M,FN,0.2,,6.0,2020-09-01T21:45:55Z,,,0.5,0.2,,0.3,,
montgomerymdnews.com,fake,0.051,1,M,FN,0.2,,8.4,2018-04-04T21:46:08Z,0,,0.0,0.2,,0.42,,
moonbattery.com,unreliable,0.218,1,L,FN,0.1,418725,21.7,2004-12-24T06:03:12Z,0,,0.2,0.1,0.06,1.0,,
moonofalabama.org,unreliable,0.222,2,L,FN,0.1,134745,22.2,2004-07-01T09:20:48Z,0,,0.2,0.1,0.15,1.0,,
morelosdailypost.com,mixed,0.445,1,M,FN,0.2,,5.8,2020-12-08T21:52:37Z,,,0.5,0.2,,0.29,,
morningledger.com,conspiracy,0.129,1,,,,,13.5,2013-03-02T19:55:40Z,0,,0.1,,,0.68,,
morningnewsusa.com,unreliable,0.223,1,,,,,13.1,2013-08-22T02:59:53Z,,,0.2,,,0.66,,
morningpoll.com,unreliable,0.192,1,L,FN,0.1,,6.8,2019-11-26T09:39:05Z,0,,0.2,0.1,,0.34,,
morrisleader.com,fake,0.047,1,M,FN,0.2,,6.9,2019-10-15T14:55:10Z,0,,0.0,0.2,,0.35,,
mpidailymagazine.com,fake,0.0,1,,,,,,,,,0.0,,,,,
mrc.org,mixed,0.507,1,,,,157065,29.2,1997-06-21T04:00:00.422Z,0,,0.5,,0.13,1.0,,
mrconservative.com,fake,0.05,1,,,,,22.7,2004-01-20T19:07:11Z,0,,0.0,,,1.0,,
mrctv.org/cnsnews,unreliable,0.185,1,L,FN,0.1,,,,,,0.2,0.1,,,,
msbusinessdaily.com,fake,0.052,1,M,FN,0.2,,8.6,2018-02-16T20:44:11Z,0,,0.0,0.2,,0.43,,
msgulfnews.com,fake,0.047,1,M,FN,0.2,,6.9,2019-10-15T14:55:14Z,,,0.0,0.2,,0.35,,
msmlies.com,mixed,0.454,1,M,FN,0.2,,9.6,2017-02-24T17:09:13Z,0,,0.5,0.2,,0.48,,
msnbc.website,fake,0.151,1,,,,,0.3,2026-06-09T02:00:31.338Z,1,,0.0,,,0.01,1.0,
mtbusinessdaily.com,fake,0.052,1,M,FN,0.2,,8.6,2018-02-16T20:55:24Z,,,0.0,0.2,,0.43,,
mtonews.com,unreliable,0.197,1,L,FN,0.1,698494,12.2,2014-06-27T20:16:53Z,0,,0.2,0.1,0.03,0.61,,
munciereporter.com,fake,0.048,1,M,FN,0.2,,7.0,2019-09-05T20:13:31Z,,,0.0,0.2,,0.35,,
muricatoday.com,mixed,0.443,1,M,CP,0.2,,5.0,2021-08-30T18:12:19Z,,,0.5,0.2,,0.25,,
muskegonsun.com,fake,0.048,1,M,FN,0.2,,7.2,2019-06-30T20:46:31Z,0,,0.0,0.2,,0.36,,
muslimskeptic.com,unreliable,0.201,1,L,FN,0.1,,10.2,2016-07-02T21:43:28Z,0,,0.2,0.1,,0.51,,
mutembeitv.com,mixed,0.442,1,M,FN,0.2,,4.8,2021-12-05T13:34:06Z,0,,0.5,0.2,,0.24,,
myfreshnews.com,fake,0.016,1,,,,,6.5,2020-03-16T18:24:19Z,0,,0.0,,,0.33,,
mynewsguru.com,unreliable,0.182,1,L,FN,0.1,,2.8,2023-11-25T10:01:37Z,0,,0.2,0.1,,0.14,,
myrightamerica.com,unreliable,0.2,1,L,FN,0.1,,9.9,2016-11-03T17:44:28Z,0,,0.2,0.1,,0.49,,
myzonetoday.com,fake,0.0,1,,,,,,,,,0.0,,,,,
nahadaily.com,satire,0.3,1,,,,,,,,,0.3,,,,,
nakedcapitalism.com,mixed,0.511,1,,,,47261,21.7,2005-01-01T04:00:45Z,,,0.5,,0.22,1.0,,
nantahalanews.com,fake,0.048,1,M,FN,0.2,,7.2,2019-06-30T20:45:53Z,,,0.0,0.2,,0.36,,
naplesstandard.com,fake,0.048,1,M,FN,0.2,,7.2,2019-07-03T17:53:22Z,0,,0.0,0.2,,0.36,,
nasamoonhoax.com,conspiracy,0.1,1,,,,,,,,,0.1,,,,,
nassaustandard.com,fake,0.047,1,M,FN,0.2,,6.9,2019-10-15T14:55:15Z,0,,0.0,0.2,,0.35,,
natall.com,fake,0.05,1,VL,FN,0.0,,30.8,1995-12-14T05:00:00Z,0,,0.0,0.0,,1.0,,
nationaleconomicseditorial.com,unreliable,0.2,1,L,FN,0.1,,9.8,2016-11-27T00:05:09Z,0,,0.2,0.1,,0.49,,
nationalenquirer.com,unreliable,0.223,1,L,FN,0.1,100981,30.4,1996-04-14T04:00:00Z,0,,0.2,0.1,0.17,1.0,,
nationalfile.com,fake,0.19,1,L,CP,0.1,162106,7.2,2019-07-16T22:37:27Z,1,,0.0,0.1,0.13,0.36,1.0,
nationalinsiders.com,unreliable,0.21,1,L,FN,0.1,,13.9,2012-10-18T06:59:07Z,0,,0.2,0.1,,0.7,,
nationalreport.net,fake,0.035,1,,,,698797,13.6,2013-02-23T04:42:09Z,0,,0.0,,0.03,0.68,,
nationalreview.com,mixed,0.517,1,,,,8669,31.2,1995-07-18T04:00:00Z,0,,0.5,,0.34,1.0,,
nationalrighttolifenews.org,unreliable,0.216,1,L,FN,0.1,,16.5,2010-03-04T19:15:39.754Z,0,,0.2,0.1,,0.82,,
nationalsecurity.news,fake,0.028,1,VL,CP,0.0,,11.1,2015-08-10T15:01:19.34Z,0,,0.0,0.0,,0.55,,
nationalufocenter.com,conspiracy,0.145,1,,,,,24.1,2002-08-06T21:09:28Z,,,0.1,,,1.0,,
nationalvanguard.org,fake,0.054,2,VL,FN,0.0,352057,23.1,2003-07-28T03:26:32.554Z,0,,0.0,0.0,0.08,1.0,,
nationalzero.com,mixed,0.422,1,M,FN,0.2,592804,6.2,2020-06-24T16:01:53Z,0,,0.5,0.2,0.04,0.31,,
nationandstate.com,unreliable,0.177,1,L,FN,0.1,,1.0,2025-09-07T18:37:39Z,,,0.2,0.1,,0.05,,
nationindistress.weebly.com,conspiracy,0.145,1,,,,,20.5,2006-03-29T00:25:07Z,0,,0.1,,,1.0,,
nationonenews.com,fake,0.014,1,,,,,5.5,2021-03-06T19:16:47Z,,,0.0,,,0.28,,
naturalblaze.com,fake,0.066,2,M,CP,0.2,468453,13.5,2013-03-19T03:27:47Z,,,0.0,0.2,0.05,0.68,,
naturalcures.com,mixed,0.48,1,M,CP,0.2,,23.7,2003-01-08T06:56:11Z,,,0.5,0.2,,1.0,,
naturalhealth365.com,unreliable,0.209,1,L,CP,0.1,312292,15.9,2010-11-01T21:03:44Z,,,0.2,0.1,0.08,0.8,,
naturalhealthresponse.com,mixed,0.455,1,M,CP,0.2,,9.9,2016-11-03T21:30:54Z,0,,0.5,0.2,,0.49,,
naturallysavvy.com,mixed,0.454,1,M,CP,0.2,727266,19.3,2007-05-11T11:46:34Z,,,0.5,0.2,0.02,0.97,,
naturalmedicine.news,fake,0.028,1,VL,CP,0.0,,11.2,2015-07-15T17:00:13.12Z,,,0.0,0.0,,0.56,,
naturalnews.com,fake,0.215,2,VL,CP,0.0,15439,21.6,2005-02-19T19:06:39Z,1,,0.0,0.0,0.3,1.0,1.0,
naturalnewsblogs.com,fake,0.024,2,VL,CP,0.0,,9.5,2017-03-10T17:20:03Z,,,0.0,0.0,,0.47,,
naturalnewsradio.com,fake,0.047,1,VL,CP,0.0,,18.6,2008-02-12T17:29:42Z,0,,0.0,0.0,,0.93,,
naturalpedia.com,fake,0.05,1,VL,CP,0.0,,19.9,2006-10-22T22:45:24Z,0,,0.0,0.0,,0.99,,
naturalsociety.com,mixed,0.452,1,M,CP,0.2,159096,16.1,2010-08-22T18:18:13Z,,,0.5,0.2,0.13,0.81,,
naturalstatenews.com,fake,0.048,1,M,FN,0.2,,7.0,2019-09-05T20:13:29Z,0,,0.0,0.2,,0.35,,
naturecoasttimes.com,fake,0.048,1,M,FN,0.2,,7.2,2019-07-03T17:53:21Z,0,,0.0,0.2,,0.36,,
naugatucktimes.com,fake,0.048,1,M,FN,0.2,,7.0,2019-09-05T20:13:28Z,,,0.0,0.2,,0.35,,
navarroreport.com,unreliable,0.189,1,L,FN,0.1,,5.7,2020-12-18T14:49:24Z,0,,0.2,0.1,,0.29,,
nbc.com.co,fake,0.0,1,,,,,,,,,0.0,,,,,
ncarkansasnews.com,fake,0.048,1,M,FN,0.2,,7.0,2019-09-05T20:13:42Z,,,0.0,0.2,,0.35,,
ncfloridanews.com,fake,0.048,1,M,FN,0.2,,7.2,2019-07-03T17:53:28Z,0,,0.0,0.2,,0.36,,
ncgeorgianews.com,fake,0.048,1,M,FN,0.2,,7.0,2019-09-05T20:13:25Z,,,0.0,0.2,,0.35,,
ncindiananews.com,fake,0.048,1,M,FN,0.2,,7.0,2019-09-05T20:13:44Z,,,0.0,0.2,,0.35,,
nckansasnews.com,fake,0.048,1,M,FN,0.2,,7.0,2019-09-05T20:13:47Z,0,,0.0,0.2,,0.35,,
nckentuckynews.com,fake,0.048,1,M,FN,0.2,,7.0,2019-09-04T20:54:38Z,0,,0.0,0.2,,0.35,,
ncmassnews.com,fake,0.047,1,M,FN,0.2,,6.9,2019-10-15T14:55:09Z,0,,0.0,0.2,,0.35,,
ncminnesotanews.com,fake,0.048,1,M,FN,0.2,,7.2,2019-07-03T17:53:20Z,0,,0.0,0.2,,0.36,,
ncmissnews.com,fake,0.077,1,H,FN,0.4,,6.9,2019-10-15T14:55:10Z,,,0.0,0.4,,0.35,,
ncncnews.com,fake,0.048,1,M,FN,0.2,,7.2,2019-06-30T20:46:27Z,0,,0.0,0.2,,0.36,,
ncoklahomanews.com,fake,0.047,1,M,FN,0.2,,6.9,2019-10-15T14:55:15Z,0,,0.0,0.2,,0.35,,
ncscooper.com,satire,0.306,1,,,,,8.6,2018-02-26T19:49:20Z,,,0.3,,,0.43,,
ncunionnews.com,fake,0.048,1,M,FN,0.2,,7.2,2019-06-30T20:46:19Z,0,,0.0,0.2,,0.36,,
ndnorthnews.com,fake,0.047,1,M,FN,0.2,,6.9,2019-10-15T14:55:15Z,,,0.0,0.2,,0.35,,
nealabamanews.com,fake,0.048,1,M,FN,0.2,,7.0,2019-09-05T20:13:48Z,0,,0.0,0.2,,0.35,,
neatlantanews.com,fake,0.048,1,M,FN,0.2,,7.0,2019-09-05T20:13:29Z,0,,0.0,0.2,,0.35,,
nebergennews.com,fake,0.047,1,M,FN,0.2,,6.9,2019-10-15T14:55:27Z,0,,0.0,0.2,,0.35,,
nebraskabusinessdaily.com,fake,0.052,1,M,FN,0.2,,8.6,2018-02-16T20:55:23Z,0,,0.0,0.2,,0.43,,
necalinews.com,fake,0.048,1,M,FN,0.2,,7.0,2019-08-30T15:05:43Z,,,0.0,0.2,,0.35,,
necoloradonews.com,fake,0.048,1,M,FN,0.2,,7.0,2019-09-04T20:54:35Z,,,0.0,0.2,,0.35,,
neconnnews.com,fake,0.048,1,M,FN,0.2,,7.0,2019-09-05T20:13:32Z,0,,0.0,0.2,,0.35,,
needtoknow.news,unreliable,0.196,1,L,CP,0.1,496900,11.2,2015-07-12T17:00:00.443Z,0,,0.2,0.1,0.05,0.56,,
nefloridanews.com,fake,0.048,1,M,FN,0.2,,7.2,2019-07-03T17:53:33Z,,,0.0,0.2,,0.36,,
nefranklinnews.com,fake,0.048,1,M,FN,0.2,,7.2,2019-06-30T20:46:22Z,0,,0.0,0.2,,0.36,,
neindiananews.com,fake,0.048,1,M,FN,0.2,,7.0,2019-09-05T20:13:28Z,,,0.0,0.2,,0.35,,
neiowanews.com,fake,0.048,1,M,FN,0.2,,7.2,2019-06-30T20:46:10Z,,,0.0,0.2,,0.36,,
nekansascitynews.com,fake,0.048,1,M,FN,0.2,,7.2,2019-07-03T17:53:22Z,0,,0.0,0.2,,0.36,,
nekansasnews.com,fake,0.048,1,M,FN,0.2,,7.0,2019-09-05T20:13:47Z,,,0.0,0.2,,0.35,,
nekentuckynews.com,fake,0.048,1,M,FN,0.2,,7.0,2019-09-04T20:54:46Z,0,,0.0,0.2,,0.35,,
nelouisiananews.com,fake,0.048,1,M,FN,0.2,,7.0,2019-09-05T20:13:45Z,,,0.0,0.2,,0.35,,
nemissnews.com,fake,0.047,1,M,FN,0.2,,6.9,2019-10-15T14:55:27Z,0,,0.0,0.2,,0.35,,
nemissourinews.com,fake,0.048,1,M,FN,0.2,,7.2,2019-07-03T17:53:25Z,,,0.0,0.2,,0.36,,
nemontananews.com,fake,0.048,1,M,FN,0.2,,7.2,2019-06-30T20:45:56Z,,,0.0,0.2,,0.36,,
nenebraskanews.com,fake,0.047,1,M,FN,0.2,,6.9,2019-10-15T14:55:32Z,,,0.0,0.2,,0.35,,
nenewmexiconews.com,fake,0.048,1,M,FN,0.2,,7.0,2019-09-04T20:54:40Z,,,0.0,0.2,,0.35,,
nenewyorktoday.com,fake,0.047,1,M,FN,0.2,,6.9,2019-10-15T14:55:19Z,0,,0.0,0.2,,0.35,,
nenorthdakotanews.com,fake,0.047,1,M,FN,0.2,,6.9,2019-10-15T14:55:23Z,,,0.0,0.2,,0.35,,
neohiotimes.com,fake,0.048,1,M,FN,0.2,,7.2,2019-06-30T20:46:19Z,0,,0.0,0.2,,0.36,,
neoklahomanews.com,fake,0.047,1,M,FN,0.2,,6.9,2019-10-15T14:55:25Z,0,,0.0,0.2,,0.35,,
neonnettle.com,fake,0.051,2,L,CP,0.1,381712,13.1,2013-08-16T09:28:28Z,,,0.0,0.1,0.07,0.66,,
nepanhandlenews.com,fake,0.047,1,M,FN,0.2,,6.9,2019-10-15T14:55:19Z,,,0.0,0.2,,0.35,,
nephef.com,fake,0.02,1,,,,,7.8,2018-11-11T19:26:42Z,,,0.0,,,0.39,,
nepiedmontnews.com,fake,0.048,1,M,FN,0.2,,7.2,2019-06-30T20:46:44Z,0,,0.0,0.2,,0.36,,
nesacramentonews.com,fake,0.048,1,M,FN,0.2,,7.0,2019-08-30T15:05:40Z,0,,0.0,0.2,,0.35,,
neuronation.com,mixed,0.456,1,M,CP,0.2,181117,17.9,2008-10-19T19:21:01Z,,,0.5,0.2,0.12,0.89,,
nevalleytimes.com,fake,0.048,1,M,FN,0.2,,7.2,2019-07-03T17:53:22Z,0,,0.0,0.2,,0.36,,
nevo.news,unreliable,0.192,1,,,,,0.8,2025-11-21T13:08:23.577Z,0,,0.2,,,0.04,,
new.finalcall.com,mixed,0.48,1,M,CP,0.2,,29.4,1997-05-07T04:00:00Z,,,0.5,0.2,,1.0,,
newamericannews.com,unreliable,0.2,1,L,CP,0.1,,9.9,2016-10-13T16:36:14Z,0,,0.2,0.1,,0.49,,
newarkreporter.com,fake,0.047,1,M,FN,0.2,,6.9,2019-10-15T14:55:14Z,,,0.0,0.2,,0.35,,
newcenturytimes.com,unreliable,0.216,1,,,,,10.6,2016-02-21T00:15:13Z,0,,0.2,,,0.53,,
newcoldwar.org,mixed,0.505,1,,,,,12.1,2014-08-19T17:44:40.078Z,,,0.5,,,0.6,,
newdiscourses.com,unreliable,0.186,1,L,FN,0.1,419685,7.2,2019-07-03T17:44:34Z,,,0.2,0.1,0.06,0.36,,
newmexicosun.com,fake,0.08,1,M,FN,0.2,,20.7,2005-12-21T11:48:56Z,,,0.0,0.2,,1.0,,
newnation.org,fake,0.05,1,VL,FN,0.0,,27.9,1998-10-12T04:00:00.744Z,,,0.0,0.0,,1.0,,
newnationalist.net,fake,0.026,1,VL,CP,0.0,,10.3,2016-05-25T19:12:52Z,0,,0.0,0.0,,0.52,,
newpoliticstoday.com,fake,0.005,1,,,,,1.9,2024-10-06T18:31:28Z,0,,0.0,,,0.1,,
news.cn,mixed,0.451,1,M,FN,0.2,2889,,,,,0.5,0.2,0.42,,,
news18.com,mixed,0.475,1,M,FN,0.2,4212,27.4,1999-04-07T04:00:00Z,0,,0.5,0.2,0.4,1.0,,
news4ktla.com,fake,0.027,1,,,,,10.6,2016-02-24T16:17:50Z,,,0.0,,,0.53,,
newsaddicts.com,unreliable,0.183,1,L,FN,0.1,,3.3,2023-05-21T09:33:49Z,,,0.2,0.1,,0.16,,
newsammo.com,mixed,0.451,1,M,FN,0.2,,8.4,2018-05-07T05:10:12Z,0,,0.5,0.2,,0.42,,
newsbbc.net,fake,0.002,1,,,,,0.9,2025-10-09T11:42:00Z,0,,0.0,,,0.04,,
newsbiscuit.com,satire,0.32,1,,,,921256,20.2,2006-07-11T14:29:27Z,0,,0.3,,0.01,1.0,,
newsblaze.com,mixed,0.462,1,M,FN,0.2,141215,23.1,2003-08-12T14:59:32Z,0,,0.5,0.2,0.14,1.0,,
newsbreak.com,mixed,0.476,1,M,FN,0.2,3031,29.0,1997-09-03T04:00:00Z,0,,0.5,0.2,0.42,1.0,,
newsbreakers.org,satire,0.335,1,,,,,21.8,2004-11-09T16:27:45.23Z,0,,0.3,,,1.0,,
newsbreakshere.com,fake,0.02,1,,,,,8.0,2018-10-03T18:25:01Z,,,0.0,,,0.4,,
newsbud.com,mixed,0.48,1,M,CP,0.2,,22.5,2004-03-18T17:32:09Z,0,,0.5,0.2,,1.0,,
newsbysquad.com,fake,0.0,1,,,,,,,,,0.0,,,,,
newscorpse.com,mixed,0.525,1,,,,,22.2,2004-07-07T00:03:10Z,0,,0.5,,,1.0,,
newsdaily12.com,fake,0.015,1,,,,,6.1,2020-08-21T17:56:42Z,0,,0.0,,,0.3,,
newsexaminer.net,fake,0.045,2,L,FN,0.1,883423,11.8,2014-12-11T17:33:47Z,,,0.0,0.1,0.01,0.59,,
newsfeedhunter.com,fake,0.019,1,L,FN,0.1,,1.6,2025-02-02T19:15:13Z,,,0.0,0.1,,0.08,,
newsfrompolitics.com,fake,0.0,1,,,,,,,,,0.0,,,,,
newsglobal.com,unreliable,0.218,1,L,FN,0.1,,17.4,2009-04-10T18:06:26Z,,,0.2,0.1,,0.87,,
newsheist.com,unreliable,0.205,1,L,FN,0.1,,11.8,2014-11-10T20:50:56Z,0,,0.2,0.1,,0.59,,
newshourfirst.com,unreliable,0.192,1,L,FN,0.1,,6.6,2020-01-24T22:35:30Z,0,,0.2,0.1,,0.33,,
newsinsideout.com,unreliable,0.205,1,L,CP,0.1,,11.8,2014-11-23T18:34:55Z,0,,0.2,0.1,,0.59,,
newsleak.co,fake,0.0,1,,,,,,,,,0.0,,,,,
newslo.com,fake,0.033,1,,,,,13.3,2013-05-21T15:02:17Z,,,0.0,,,0.67,,
newslogue.com,fake,0.031,1,,,,,12.5,2014-03-19T01:15:49Z,,,0.0,,,0.62,,
newsmagazine.com,fake,0.05,1,,,,,28.7,1998-01-01T05:00:00Z,0,,0.0,,,1.0,,
newsmax.com,fake,0.145,2,L,FN,0.1,7144,28.2,1998-07-18T04:00:00Z,10,,0.0,0.1,0.36,1.0,0.41,
newsmutiny.com,fake,0.05,1,,,,,22.9,2003-10-17T17:23:27Z,0,,0.0,,,1.0,,
newsninja2012.com,mixed,0.487,1,,,,,4.7,2021-12-28T19:19:38Z,0,,0.5,,,0.24,,
newspunch.com,fake,0.1,1,VL,FN,0.0,196899,21.9,2004-10-22T23:47:29Z,16,,0.0,0.0,0.12,1.0,0.29,
newspushed.com,unreliable,0.176,1,L,FN,0.1,,0.4,2026-05-04T18:17:03Z,0,,0.2,0.1,,0.02,,
newsrael.com,mixed,0.448,1,M,FN,0.2,,7.1,2019-07-26T19:38:23Z,,,0.5,0.2,,0.35,,
newsready.com,mixed,0.48,1,M,FN,0.2,,22.3,2004-05-18T16:31:40Z,,,0.5,0.2,,1.0,,
newsrescue.com,mixed,0.454,1,M,FN,0.2,963965,19.4,2007-05-02T14:07:53Z,,,0.5,0.2,0.0,0.97,,
newsrnd.com,mixed,0.431,1,M,FN,0.2,298671,8.5,2018-03-24T01:42:53Z,,,0.5,0.2,0.09,0.42,,
newssloth.com,mixed,0.446,1,M,FN,0.2,,6.4,2020-05-07T12:16:51Z,,,0.5,0.2,,0.32,,
newstarget.com,fake,0.072,2,L,CP,0.1,133678,29.9,1996-11-02T05:00:00Z,0,,0.0,0.1,0.15,1.0,,
newsthump.com,satire,0.314,1,,,,317293,16.0,2010-10-03T10:22:02Z,0,,0.3,,0.08,0.8,,
newstoad.net,satire,0.319,1,,,,,13.5,2013-03-14T19:19:35Z,,,0.3,,,0.68,,
newsview.gr,fake,0.0,1,VL,FN,0.0,,,,,,0.0,0.0,,,,
newswars.com,unreliable,0.211,1,L,FN,0.1,364243,17.0,2009-08-30T03:06:39Z,0,,0.2,0.1,0.07,0.85,,
newswatch28.com,fake,0.0,1,,,,,,,,,0.0,,,,,
newswatch33.com,fake,0.015,1,,,,,6.0,2020-09-04T18:25:56Z,,,0.0,,,0.3,,
newswire-24.com,unreliable,0.209,1,,,,,7.4,2019-04-30T18:46:32Z,,,0.2,,,0.37,,
newswithviews.com,fake,0.072,2,L,FN,0.1,150187,25.3,2001-06-04T16:03:56Z,,,0.0,0.1,0.14,1.0,,
newyorker.com/humor,satire,0.3,1,,,,,,,,,0.3,,,,,
newzoh.com,unreliable,0.185,1,L,FN,0.1,,,,,,0.2,0.1,,,,
nextnewsnetwork.com,fake,0.051,1,L,FN,0.1,,14.3,2012-06-07T01:00:35Z,0,,0.0,0.1,,0.72,,
nhbusinessdaily.com,fake,0.052,1,M,FN,0.2,,8.6,2018-02-16T20:55:24Z,0,,0.0,0.2,,0.43,,
niagaraleader.com,fake,0.047,1,M,FN,0.2,,6.9,2019-10-15T14:55:21Z,0,,0.0,0.2,,0.35,,
ninefornews.nl,unreliable,0.2,1,L,FN,0.1,317095,12.3,2014-05-16T12:44:58Z,,,0.2,0.1,0.08,0.61,,
njbusinessdaily.com,fake,0.052,1,M,FN,0.2,,8.6,2018-02-16T20:55:23Z,,,0.0,0.2,,0.43,,
nmbusinessdaily.com,fake,0.052,1,M,FN,0.2,,8.6,2018-02-16T20:55:24Z,,,0.0,0.2,,0.43,,
nmws.us,unreliable,0.185,1,L,FN,0.1,,,,,,0.2,0.1,,,,
nodisinfo.com,conspiracy,0.139,1,,,,,17.6,2009-02-10T18:17:06Z,0,,0.1,,,0.88,,
noi.org,mixed,0.459,1,M,CP,0.2,305135,30.5,1996-03-09T05:00:00Z,0,,0.5,0.2,0.09,1.0,,
nolareporter.com,fake,0.048,1,M,FN,0.2,,7.0,2019-09-05T20:13:47Z,0,,0.0,0.2,,0.35,,
noleftturn.us,mixed,0.455,1,M,FN,0.2,,,,,,0.5,0.2,,,,
nomorefakenews.com,fake,0.054,2,VL,CP,0.0,321342,25.9,2000-10-06T00:30:53Z,0,,0.0,0.0,0.08,1.0,,
noqreport.com,unreliable,0.191,1,L,FN,0.1,373402,9.0,2017-09-12T18:12:59Z,,,0.2,0.1,0.07,0.45,,
nordicmonitor.com,mixed,0.429,1,M,FN,0.2,305164,7.9,2018-11-02T13:08:07Z,,,0.5,0.2,0.09,0.4,,
northalaskanews.com,fake,0.048,1,M,FN,0.2,,7.0,2019-09-04T20:54:42Z,0,,0.0,0.2,,0.35,,
northbaltimorejournal.com,fake,0.051,1,M,FN,0.2,,8.4,2018-04-04T21:46:08Z,0,,0.0,0.2,,0.42,,
northbirminghamtimes.com,fake,0.048,1,M,FN,0.2,,7.0,2019-09-05T20:13:44Z,,,0.0,0.2,,0.35,,
northbluegrassnews.com,fake,0.048,1,M,FN,0.2,,7.0,2019-09-04T20:54:45Z,,,0.0,0.2,,0.35,,
northbostonnews.com,fake,0.047,1,M,FN,0.2,,6.9,2019-10-15T14:55:22Z,0,,0.0,0.2,,0.35,,
northbrowardnews.com,fake,0.048,1,M,FN,0.2,,7.2,2019-07-03T17:53:21Z,0,,0.0,0.2,,0.36,,
northcharlottetoday.com,fake,0.048,1,M,FN,0.2,,7.0,2019-09-18T21:49:32Z,0,,0.0,0.2,,0.35,,
northcincynews.com,fake,0.048,1,M,FN,0.2,,7.2,2019-06-30T20:46:41Z,,,0.0,0.2,,0.36,,
northcoastcanews.com,fake,0.048,1,M,FN,0.2,,7.0,2019-08-30T15:05:28Z,,,0.0,0.2,,0.35,,
northcoasttoday.com,fake,0.048,1,M,FN,0.2,,7.0,2019-09-04T20:54:31Z,0,,0.0,0.2,,0.35,,
northcolumbusnews.com,fake,0.048,1,M,FN,0.2,,7.2,2019-06-30T20:46:17Z,,,0.0,0.2,,0.36,,
northcooknews.com,fake,0.058,1,M,FN,0.2,,11.1,2015-08-21T16:18:29Z,0,,0.0,0.2,,0.55,,
northcountryleader.com,fake,0.047,1,M,FN,0.2,,6.9,2019-10-15T14:55:16Z,0,,0.0,0.2,,0.35,,
northcountryreporter.com,fake,0.047,1,M,FN,0.2,,6.9,2019-10-15T14:55:17Z,0,,0.0,0.2,,0.35,,
northcrane.com,unreliable,0.227,1,,,,,14.8,2011-12-03T06:59:50Z,,,0.2,,,0.74,,
northdaytonnews.com,fake,0.048,1,M,FN,0.2,,7.2,2019-06-30T20:46:04Z,0,,0.0,0.2,,0.36,,
northdsmnews.com,fake,0.048,1,M,FN,0.2,,7.2,2019-06-30T20:45:56Z,0,,0.0,0.2,,0.36,,
northeastherald.org,fake,0.041,1,M,FN,0.2,,4.6,2022-02-07T16:55:20.441Z,0,,0.0,0.2,,0.23,,
northegyptnews.com,fake,0.052,1,M,FN,0.2,,8.8,2017-11-29T16:54:43Z,0,,0.0,0.2,,0.44,,
northernclarkcountyherald.com,fake,0.04,1,M,FN,0.2,,4.1,2022-08-15T17:08:06Z,0,,0.0,0.2,,0.2,,
northernwitimes.com,fake,0.04,1,M,FN,0.2,,4.1,2022-07-25T15:35:16Z,,,0.0,0.2,,0.2,,
northessexnews.com,fake,0.047,1,M,FN,0.2,,6.9,2019-10-15T14:55:15Z,0,,0.0,0.2,,0.35,,
northfultontoday.com,fake,0.048,1,M,FN,0.2,,7.0,2019-09-05T20:13:48Z,0,,0.0,0.2,,0.35,,
northguilfordnews.com,fake,0.048,1,M,FN,0.2,,7.2,2019-06-30T20:46:45Z,0,,0.0,0.2,,0.36,,
northgwinnettnews.com,fake,0.048,1,M,FN,0.2,,7.0,2019-09-05T20:13:25Z,,,0.0,0.2,,0.35,,
northhennepinnews.com,fake,0.048,1,M,FN,0.2,,7.2,2019-07-03T17:53:22Z,0,,0.0,0.2,,0.36,,
northidahotimes.com,mixed,0.448,1,M,FN,0.2,,7.0,2019-09-04T20:54:34Z,0,,0.5,0.2,,0.35,,
northindynews.com,fake,0.048,1,M,FN,0.2,,7.0,2019-09-05T20:13:44Z,0,,0.0,0.2,,0.35,,
northinlandnews.com,fake,0.048,1,M,FN,0.2,,7.0,2019-08-30T15:05:37Z,0,,0.0,0.2,,0.35,,
northiowareporter.com,fake,0.048,1,M,FN,0.2,,7.2,2019-06-30T20:46:38Z,0,,0.0,0.2,,0.36,,
northiredellnews.com,fake,0.063,1,MF,FN,0.3,,7.2,2019-06-30T20:46:35Z,,,0.0,0.3,,0.36,,
northjeffconews.com,fake,0.048,1,M,FN,0.2,,7.0,2019-09-04T20:54:44Z,,,0.0,0.2,,0.35,,
northkentnews.com,fake,0.048,1,M,FN,0.2,,7.2,2019-06-30T20:46:22Z,0,,0.0,0.2,,0.36,,
northkentuckynews.com,fake,0.048,1,M,FN,0.2,,7.0,2019-09-04T20:54:32Z,0,,0.0,0.2,,0.35,,
northlaketimes.com,fake,0.048,1,M,FN,0.2,,7.2,2019-07-03T17:53:17Z,0,,0.0,0.2,,0.36,,
northlittlerocktimes.com,fake,0.048,1,M,FN,0.2,,7.0,2019-09-05T20:13:45Z,0,,0.0,0.2,,0.35,,
northmecklenburgnews.com,fake,0.048,1,M,FN,0.2,,7.0,2019-09-18T21:40:28Z,0,,0.0,0.2,,0.35,,
northmianews.com,fake,0.048,1,M,FN,0.2,,7.2,2019-07-03T17:53:30Z,,,0.0,0.2,,0.36,,
northmichigannews.com,fake,0.048,1,M,FN,0.2,,7.2,2019-06-30T20:46:38Z,,,0.0,0.2,,0.36,,
northmiddlesextimes.com,fake,0.047,1,M,FN,0.2,,6.9,2019-10-15T14:55:23Z,,,0.0,0.2,,0.35,,
northnevadanews.com,fake,0.048,1,M,FN,0.2,,7.0,2019-09-04T20:54:32Z,0,,0.0,0.2,,0.35,,
northnewcastlenews.com,fake,0.048,1,M,FN,0.2,,7.2,2019-06-30T20:45:48Z,0,,0.0,0.2,,0.36,,
northoctimes.com,fake,0.048,1,M,FN,0.2,,7.0,2019-08-30T15:05:47Z,,,0.0,0.2,,0.35,,
northokcnews.com,fake,0.047,1,M,FN,0.2,,6.9,2019-10-15T14:55:23Z,0,,0.0,0.2,,0.35,,
northomahatimes.com,fake,0.047,1,M,FN,0.2,,6.9,2019-10-15T14:55:22Z,0,,0.0,0.2,,0.35,,
northorlandonews.com,fake,0.048,1,M,FN,0.2,,7.2,2019-07-03T17:53:20Z,,,0.0,0.2,,0.36,,
northpalmbeachtoday.com,fake,0.048,1,M,FN,0.2,,7.2,2019-07-03T17:53:30Z,0,,0.0,0.2,,0.36,,
northpanhandlenews.com,fake,0.048,1,M,FN,0.2,,7.2,2019-07-03T17:53:22Z,,,0.0,0.2,,0.36,,
northpimanews.com,fake,0.048,1,M,FN,0.2,,7.2,2019-07-03T17:53:20Z,0,,0.0,0.2,,0.36,,
northpinellasnews.com,fake,0.048,1,M,FN,0.2,,7.2,2019-07-03T17:53:19Z,,,0.0,0.2,,0.36,,
northraleightoday.com,fake,0.048,1,M,FN,0.2,,7.2,2019-06-30T20:46:03Z,,,0.0,0.2,,0.36,,
northramseynews.com,fake,0.048,1,M,FN,0.2,,7.2,2019-07-03T17:53:21Z,,,0.0,0.2,,0.36,,
northsactoday.com,fake,0.048,1,M,FN,0.2,,7.0,2019-08-30,0,,0.0,0.2,,0.35,,
northsfvtoday.com,fake,0.048,1,M,FN,0.2,,7.0,2019-08-30T15:05:20Z,0,,0.0,0.2,,0.35,,
northsgvnews.com,fake,0.048,1,M,FN,0.2,,7.0,2019-08-30T15:05:18Z,0,,0.0,0.2,,0.35,,
northshorelanews.com,fake,0.048,1,M,FN,0.2,,7.0,2019-09-05T20:13:28Z,0,,0.0,0.2,,0.35,,
northstlnews.com,fake,0.048,1,M,FN,0.2,,7.2,2019-07-03T17:53:33Z,,,0.0,0.2,,0.36,,
northsummitnews.com,fake,0.048,1,M,FN,0.2,,7.2,2019-06-30T20:46:25Z,,,0.0,0.2,,0.36,,
northtrianglenews.com,fake,0.048,1,M,FN,0.2,,7.2,2019-06-30T20:45:51Z,0,,0.0,0.2,,0.36,,
northtulsatoday.com,fake,0.047,1,M,FN,0.2,,6.9,2019-10-15T14:55:13Z,,,0.0,0.2,,0.35,,
northvegastimes.com,fake,0.048,1,M,FN,0.2,,7.0,2019-09-04T20:54:31Z,0,,0.0,0.2,,0.35,,
northwakenews.com,fake,0.048,1,M,FN,0.2,,7.2,2019-06-30T20:46:04Z,,,0.0,0.2,,0.36,,
northwichitanews.com,fake,0.048,1,M,FN,0.2,,7.0,2019-09-05T20:13:41Z,0,,0.0,0.2,,0.35,,
notallowedto.com,fake,0.045,2,L,FN,0.1,,11.9,2014-10-14T11:01:08Z,,,0.0,0.1,,0.59,,
notrickszone.com,fake,0.059,1,L,CP,0.1,311913,16.1,2010-08-06T14:52:10Z,0,,0.0,0.1,0.08,0.81,,
novitimes.com,fake,0.048,1,M,FN,0.2,,7.2,2019-06-30T20:46:31Z,0,,0.0,0.2,,0.36,,
now8news.com,fake,0.028,2,VL,FN,0.0,,11.2,2015-07-09T04:48:23Z,0,,0.0,0.0,,0.56,,
nowmedianetwork.co,mixed,0.455,1,M,FN,0.2,,,,,,0.5,0.2,,,,
nowtheendbegins.com,conspiracy,0.139,2,L,CP,0.1,300210,17.9,2008-10-18T17:06:09Z,,,0.1,0.1,0.09,0.89,,
npiamerica.org,unreliable,0.228,1,,,,,15.2,2011-07-22T18:34:06.543Z,0,,0.2,,,0.76,,
npr.news,fake,0.028,1,VL,CP,0.0,,11.2,2015-07-15T17:00:09.877Z,0,,0.0,0.0,,0.56,,
nrlc.org,unreliable,0.221,1,L,FN,0.1,169407,31.1,1995-08-13T04:00:00.872Z,0,,0.2,0.1,0.13,1.0,,
ntd.com,mixed,0.465,1,M,FN,0.2,66828,30.6,1996-02-12T05:00:00Z,0,,0.5,0.2,0.2,1.0,,
ntd.tv,mixed,0.52,1,M,FN,0.2,923792,16.0,2010-09-30T05:36:31Z,1,,0.5,0.2,0.01,0.8,1.0,
nutrientreference.com,fake,0.05,1,VL,CP,0.0,,20.3,2006-05-25T13:58:23Z,0,,0.0,0.0,,1.0,,
nutritionalanarchy.com,unreliable,0.223,1,,,,,13.1,2013-07-26T01:40:54Z,0,,0.2,,,0.66,,
nutritionfacts.org,mixed,0.467,2,M,CP,0.2,38379,26.5,2000-03-05T01:33:16.294Z,,,0.5,0.2,0.24,1.0,,
nvbusinessdaily.com,fake,0.052,1,M,FN,0.2,,8.6,2018-02-16T20:55:23Z,,,0.0,0.2,,0.43,,
nvic.org,unreliable,0.221,1,L,CP,0.1,185260,23.3,2003-05-20T19:29:11.567Z,0,,0.2,0.1,0.12,1.0,,
nwalabamanews.com,fake,0.048,1,M,FN,0.2,,7.0,2019-09-05T20:13:29Z,0,,0.0,0.2,,0.35,,
nwarkansasnews.com,fake,0.048,1,M,FN,0.2,,7.0,2019-09-05T20:13:44Z,0,,0.0,0.2,,0.35,,
nwatlantanews.com,fake,0.048,1,M,FN,0.2,,7.0,2019-09-05T20:13:28Z,,,0.0,0.2,,0.35,,
nwbergennews.com,fake,0.047,1,M,FN,0.2,,6.9,2019-10-15T14:55:15Z,0,,0.0,0.2,,0.35,,
nwclarknews.com,fake,0.048,1,M,FN,0.2,,7.0,2019-09-04T20:54:35Z,,,0.0,0.2,,0.35,,
nwconnnews.com,fake,0.048,1,M,FN,0.2,,7.0,2019-09-05T20:13:44Z,0,,0.0,0.2,,0.35,,
nwfranklinnews.com,fake,0.048,1,M,FN,0.2,,7.2,2019-06-30T20:46:23Z,,,0.0,0.2,,0.36,,
nwgeorgianews.com,fake,0.048,1,M,FN,0.2,,7.0,2019-09-05T20:13:35Z,,,0.0,0.2,,0.35,,
nwillinoisnews.com,fake,0.056,1,M,FN,0.2,,10.3,2016-06-07T18:40:47Z,,,0.0,0.2,,0.52,,
nwiowanews.com,fake,0.048,1,M,FN,0.2,,7.2,2019-06-30T20:46:03Z,,,0.0,0.2,,0.36,,
nwjerseynews.com,fake,0.047,1,M,FN,0.2,,6.9,2019-10-15T14:55:14Z,,,0.0,0.2,,0.35,,
nwkansasnews.com,fake,0.048,1,M,FN,0.2,,7.0,2019-09-05T20:13:45Z,,,0.0,0.2,,0.35,,
nwlaketimes.com,fake,0.04,1,M,FN,0.2,,4.1,2022-07-25T15:35:06Z,0,,0.0,0.2,,0.2,,
nwlatimes.com,fake,0.048,1,M,FN,0.2,,7.0,2019-08-30T15:05:22Z,0,,0.0,0.2,,0.35,,
nwlouisiananews.com,fake,0.048,1,M,FN,0.2,,7.0,2019-09-05T20:13:29Z,,,0.0,0.2,,0.35,,
nwminnesotanews.com,fake,0.048,1,M,FN,0.2,,7.2,2019-07-03T17:53:21Z,,,0.0,0.2,,0.36,,
nwmissnews.com,fake,0.047,1,M,FN,0.2,,6.9,2019-10-15T14:55:26Z,0,,0.0,0.2,,0.35,,
nwmissouritimes.com,fake,0.048,1,M,FN,0.2,,7.2,2019-07-03T17:53:28Z,0,,0.0,0.2,,0.36,,
nwmontananews.com,fake,0.048,1,M,FN,0.2,,7.2,2019-06-30T20:46:38Z,0,,0.0,0.2,,0.36,,
nwnewmexiconews.com,fake,0.048,1,M,FN,0.2,,7.0,2019-09-04T20:54:44Z,,,0.0,0.2,,0.35,,
nwohiotimes.com,fake,0.048,1,M,FN,0.2,,7.2,2019-06-30T20:46:38Z,,,0.0,0.2,,0.36,,
nwoklahomanews.com,fake,0.047,1,M,FN,0.2,,6.9,2019-10-15T14:55:18Z,0,,0.0,0.2,,0.35,,
nwriversidenews.com,fake,0.048,1,M,FN,0.2,,7.0,2019-08-30T15:05:43Z,,,0.0,0.2,,0.35,,
nwtwincities.com,fake,0.048,1,M,FN,0.2,,7.2,2019-07-03T17:53:22Z,,,0.0,0.2,,0.36,,
nwvalleytimes.com,fake,0.048,1,M,FN,0.2,,7.2,2019-07-03T17:53:22Z,,,0.0,0.2,,0.36,,
nwwaynenews.com,fake,0.048,1,M,FN,0.2,,7.2,2019-06-30T20:46:48Z,0,,0.0,0.2,,0.36,,
nybusinessdaily.com,fake,0.052,1,M,FN,0.2,,8.6,2018-02-16T20:55:24Z,,,0.0,0.2,,0.43,,
nycgazette.com,fake,0.047,1,M,FN,0.2,,6.9,2019-10-15T14:55:22Z,0,,0.0,0.2,,0.35,,
nymeta.co,unreliable,0.2,1,,,,,,,,,0.2,,,,,
nzdsos.com,unreliable,0.188,1,L,CP,0.1,,5.3,2021-05-30T05:26:10Z,0,,0.2,0.1,,0.27,,
oaklandcitywire.com,fake,0.044,1,M,FN,0.2,,5.8,2020-12-07T03:17:21Z,,,0.0,0.2,,0.29,,
oaklandtimes.org,fake,0.041,1,M,FN,0.2,,4.6,2022-02-07T17:08:38.515Z,,,0.0,0.2,,0.23,,
oann.com,fake,0.076,2,L,FN,0.1,53464,22.1,2004-08-12T18:41:11Z,0,,0.0,0.1,0.21,1.0,,
oathkeepers.org,unreliable,0.211,2,L,FN,0.1,494185,17.5,2009-03-01T21:07:55.424Z,,,0.2,0.1,0.05,0.88,,
objectiveministries.org,satire,0.335,1,,,,,21.0,2005-08-29T04:39:02.899Z,0,,0.3,,,1.0,,
objectivist.co,mixed,0.455,1,M,FN,0.2,,,,,,0.5,0.2,,,,
observer.com,mixed,0.518,1,,,,7181,32.4,1994-04-23T04:00:00Z,0,,0.5,,0.36,1.0,,
ocalastandard.com,fake,0.048,1,M,FN,0.2,,7.2,2019-07-03T17:53:21Z,,,0.0,0.2,,0.36,,
occupy.com,mixed,0.505,1,,,,221928,28.0,1998-09-10T04:00:00Z,,,0.5,,0.11,1.0,,
occupydemocrats.com,fake,0.159,2,L,FN,0.1,526701,13.7,2012-12-25T19:25:18Z,3,,0.0,0.1,0.05,0.68,0.72,
occupyliberals.com,unreliable,0.2,1,,,,,,,,,0.2,,,,,
occupyyourself.org,mixed,0.467,1,M,CP,0.2,,15.0,2011-09-29T09:31:48.714Z,0,,0.5,0.2,,0.75,,
oceancountyleader.com,fake,0.047,1,M,FN,0.2,,6.9,2019-10-15T14:55:22Z,,,0.0,0.2,,0.35,,
off-guardian.org,conspiracy,0.142,2,M,CP,0.2,109622,11.4,2015-04-15T12:15:08.811Z,,,0.1,0.2,0.16,0.57,,
offgridsurvival.com,conspiracy,0.139,1,,,,570182,18.7,2007-12-17T18:59:59Z,,,0.1,,0.04,0.93,,
offthegridnews.com,mixed,0.453,1,M,CP,0.2,202649,16.7,2010-01-07T21:09:26Z,0,,0.5,0.2,0.12,0.83,,
oftwominds.com,conspiracy,0.144,1,,,,372714,26.7,1999-12-31T20:37:17Z,,,0.1,,0.07,1.0,,
ohioindependent.com,fake,0.041,1,M,FN,0.2,,4.4,2022-05-01T18:10:27Z,0,,0.0,0.2,,0.22,,
oilgeopolitics.net,conspiracy,0.145,1,,,,,21.5,2005-03-16T23:53:18Z,,,0.1,,,1.0,,
okcstandard.com,fake,0.047,1,M,FN,0.2,,6.9,2019-10-15T14:55:17Z,,,0.0,0.2,,0.35,,
okeechobeetimes.com,fake,0.048,1,M,FN,0.2,,7.2,2019-07-03T17:53:20Z,,,0.0,0.2,,0.36,,
okeefemediagroup.com,mixed,0.439,1,M,FN,0.2,,3.5,2023-03-07T20:55:00Z,0,,0.5,0.2,,0.17,,
oldnorthnews.com,fake,0.048,1,M,FN,0.2,,7.2,2019-06-30T20:45:53Z,0,,0.0,0.2,,0.36,,
omahacitywire.com,fake,0.044,1,M,FN,0.2,,5.8,2020-12-07T03:17:21Z,0,,0.0,0.2,,0.29,,
oneidatimes.com,fake,0.047,1,M,FN,0.2,,6.9,2019-10-15T14:55:10Z,0,,0.0,0.2,,0.35,,
onepoliticalplaza.com,fake,0.037,1,,,,444773,13.8,2012-12-09T14:31:34Z,0,,0.0,,0.06,0.69,,
online-updates.net,mixed,0.445,1,M,CP,0.2,,5.9,2020-10-21T17:43:06Z,,,0.5,0.2,,0.3,,
onlineconservativepress.com,fake,0.0,1,,,,,,,,,0.0,,,,,
onslownews.com,fake,0.048,1,M,FN,0.2,,7.2,2019-06-30T20:46:10Z,0,,0.0,0.2,,0.36,,
openmagazines.com,fake,0.016,1,,,,,6.5,2020-03-15T18:22:54Z,0,,0.0,,,0.33,,
openmindmagazine.com,conspiracy,0.107,1,,,,,4.8,2021-11-11T19:05:14Z,0,,0.1,,,0.24,,
organicconsumers.org,unreliable,0.225,1,L,CP,0.1,59413,27.8,1998-12-14T05:00:00.995Z,,,0.2,0.1,0.2,1.0,,
organicfacts.net,mixed,0.465,1,M,CP,0.2,59943,20.2,2006-07-17T14:22:35Z,0,,0.5,0.2,0.2,1.0,,
orientalreview.org,conspiracy,0.097,1,,,,509445,,,,,0.1,,0.05,,,
origo.hu,mixed,0.445,1,M,FN,0.2,14987,,,,,0.5,0.2,0.3,,,
orinocotribune.com,unreliable,0.189,1,L,FN,0.1,322694,7.8,2018-11-22T17:56:34Z,0,,0.2,0.1,0.08,0.39,,
orlandostandard.com,fake,0.048,1,M,FN,0.2,,7.2,2019-07-03T17:53:22Z,,,0.0,0.2,,0.36,,
orthochristian.com,mixed,0.451,1,M,FN,0.2,219907,16.2,2010-07-06T10:58:22Z,0,,0.5,0.2,0.11,0.81,,
other98.com,unreliable,0.216,2,L,FN,0.1,,16.4,2010-04-23T00:12:26Z,0,,0.2,0.1,,0.82,,
otptribune.com,fake,0.04,1,M,FN,0.2,,4.1,2022-08-15T20:17:17Z,,,0.0,0.2,,0.2,,
ourhealthguides.com,unreliable,0.185,1,L,CP,0.1,,,,,,0.2,0.1,,,,
outerbankstimes.com,fake,0.048,1,M,FN,0.2,,7.2,2019-06-30T20:46:19Z,,,0.0,0.2,,0.36,,
outragedpatriot.com,unreliable,0.193,1,L,FN,0.1,,7.0,2019-10-01T20:30:42Z,,,0.2,0.1,,0.35,,
overpassesforamerica.com,mixed,0.463,1,M,FN,0.2,,13.1,2013-08-15T07:05:09Z,,,0.5,0.2,,0.66,,
oxfordreporter.com,fake,0.047,1,M,FN,0.2,,6.9,2019-10-15T14:55:22Z,0,,0.0,0.2,,0.35,,
oye.news,unreliable,0.177,1,L,CP,0.1,,1.0,2025-09-26T15:16:08.465Z,,,0.2,0.1,,0.05,,
pacatholictribune.com,fake,0.045,1,M,FN,0.2,,6.1,2020-08-07T18:17:13Z,0,,0.0,0.2,,0.3,,
pacificpundit.com,unreliable,0.211,1,L,FN,0.1,,14.5,2012-03-01T03:48:11Z,,,0.2,0.1,,0.72,,
pakalertpress.com,fake,0.06,2,L,CP,0.1,736692,17.4,2009-05-04T06:36:25Z,0,,0.0,0.1,0.02,0.87,,
palmcoasttimes.com,fake,0.048,1,M,FN,0.2,,7.2,2019-07-03T17:53:24Z,0,,0.0,0.2,,0.36,,
palmerreport.com,mixed,0.485,1,,,,359075,12.7,2013-12-28T07:20:58Z,,,0.5,,0.07,0.64,,
pamelageller.com,fake,0.053,1,,,,495756,21.0,2005-09-12T06:03:08Z,,,0.0,,0.05,1.0,,
panamacityreporter.com,fake,0.048,1,M,FN,0.2,,7.2,2019-07-03T17:53:20Z,,,0.0,0.2,,0.36,,
pandemic.news,fake,0.169,1,VL,CP,0.0,,7.8,2018-11-18T18:34:52.66Z,1,,0.0,0.0,,0.39,1.0,
pantsonfirenews.com,unreliable,0.194,1,L,FN,0.1,,7.6,2019-01-23T22:27:18Z,0,,0.2,0.1,,0.38,,
parler.com,unreliable,0.227,1,L,FN,0.1,37107,28.3,1998-05-28T04:00:00Z,,,0.2,0.1,0.24,1.0,,
pascoreporter.com,fake,0.048,1,M,FN,0.2,,7.2,2019-07-03T17:53:22Z,,,0.0,0.2,,0.36,,
passaictoday.com,reliable,0.875,1,H,FN,0.4,,5.9,2020-11-06T15:31:56Z,0,,1.0,0.4,,0.3,,
patdollar.com,unreliable,0.2,1,,,,,,,,,0.2,,,,,
patientdaily.com,fake,0.058,1,M,FN,0.2,,11.0,2015-08-28T00:16:23Z,,,0.0,0.2,,0.55,,
patribotics.blog,unreliable,0.178,1,L,FN,0.1,,1.3,2025-06-03T20:17:51Z,,,0.2,0.1,,0.07,,
patriotchronicle.com,unreliable,0.191,1,,,,,0.3,2026-05-19T18:06:05Z,0,,0.2,,,0.01,,
patriotfetch.com,unreliable,0.189,1,L,FN,0.1,,5.6,2021-01-27T03:20:51Z,0,,0.2,0.1,,0.28,,
patriotfires.com,unreliable,0.175,1,L,FN,0.1,,0.2,2026-07-05T18:21:10Z,0,,0.2,0.1,,0.01,,
patriotfront.us,fake,0.0,1,VL,FN,0.0,,,,0,,0.0,0.0,,,,
patrioticpost.com,unreliable,0.183,1,L,FN,0.1,618826,6.6,2020-02-18T07:33:52Z,,,0.2,0.1,0.03,0.33,,
patrioticviralnews.com,unreliable,0.201,1,L,FN,0.1,,10.2,2016-06-28T17:54:10Z,0,,0.2,0.1,,0.51,,
patriotjournal.org,mixed,0.456,1,M,FN,0.2,,10.5,2016-03-30T21:18:49.717Z,0,,0.5,0.2,,0.53,,
patriotnewsdaily.com,satire,0.315,1,,,,,12.0,2014-09-05T20:20:46Z,0,,0.3,,,0.6,,
patriotnewsfeed.com,mixed,0.457,1,M,FN,0.2,,10.6,2016-02-22T01:58:41Z,0,,0.5,0.2,,0.53,,
patriotpost.us,mixed,0.482,1,,,,133554,,,,,0.5,,0.15,,,
patriotpulse.net,mixed,0.429,1,M,FN,0.2,655203,9.1,2017-08-14T16:47:56Z,0,,0.5,0.2,0.03,0.45,,
patriotrising.com,conspiracy,0.133,1,,,,,15.1,2011-08-08T00:22:14Z,0,,0.1,,,0.76,,
patriots.win,unreliable,0.31,1,L,FN,0.1,51298,5.7,2021-01-20T11:22:43Z,1,,0.2,0.1,0.21,0.29,1.0,
patriots4truth.org,fake,0.022,1,VL,CP,0.0,,8.7,2017-12-25T18:38:20.285Z,0,,0.0,0.0,,0.43,,
patriotupdate.com,conspiracy,0.138,1,,,,,17.3,2009-06-01T15:12:22Z,0,,0.1,,,0.86,,
patriotuproar.com,mixed,0.446,1,M,FN,0.2,,6.2,2020-06-30T05:29:40Z,,,0.5,0.2,,0.31,,
paulcraigroberts.org,fake,0.046,2,VL,CP,0.0,113644,15.1,2011-08-18T18:01:27.708Z,,,0.0,0.0,0.16,0.76,,
pcmustdie.com,unreliable,0.185,1,L,FN,0.1,,,,,,0.2,0.1,,,,
pdmj.org,fake,0.015,1,VL,CP,0.0,,5.9,2020-10-11T18:20:59.034Z,0,,0.0,0.0,,0.3,,
peacegardennews.com,fake,0.047,1,M,FN,0.2,,6.9,2019-10-15T14:55:17Z,0,,0.0,0.2,,0.35,,
peachtreegazette.com,fake,0.04,1,M,FN,0.2,,4.1,2022-08-15T20:17:27Z,0,,0.0,0.2,,0.2,,
peachtreetimes.com,fake,0.048,1,M,FN,0.2,,7.0,2019-09-05T20:13:25Z,,,0.0,0.2,,0.35,,
pelicanstatenews.com,fake,0.048,1,M,FN,0.2,,7.0,2019-09-05T20:13:47Z,,,0.0,0.2,,0.35,,
pennsylvaniadailystar.com,fake,0.074,1,H,FN,0.4,,5.7,2021-01-10T16:23:18Z,0,,0.0,0.4,,0.29,,
pennsylvaniaindependent.com,fake,0.053,1,M,FN,0.2,,9.1,2017-08-12T18:23:05Z,,,0.0,0.2,,0.45,,
pensacolatimes.com,fake,0.048,1,M,FN,0.2,,7.2,2019-07-03T17:53:22Z,0,,0.0,0.2,,0.36,,
peoriastandard.com,fake,0.057,1,M,FN,0.2,,10.6,2016-01-22T15:19:24Z,0,,0.0,0.2,,0.53,,
perezhilton.com,mixed,0.467,1,M,FN,0.2,36297,21.6,2005-02-07T04:35:25Z,,,0.5,0.2,0.24,1.0,,
personalinterpretation.com,unreliable,0.185,1,L,FN,0.1,,,,,,0.2,0.1,,,,
personalliberty.com,unreliable,0.217,1,L,FN,0.1,593125,23.4,2003-05-02T18:10:37Z,,,0.2,0.1,0.04,1.0,,
peta.org,mixed,0.471,1,M,CP,0.2,12191,31.0,1995-09-26T04:00:00.668Z,0,,0.5,0.2,0.32,1.0,,
phxreporter.com,fake,0.048,1,M,FN,0.2,,7.2,2019-07-03T17:53:26Z,,,0.0,0.2,,0.36,,
physiciansforinformedconsent.org,fake,0.026,1,VL,CP,0.0,,10.4,2016-05-08T01:42:19.094Z,,,0.0,0.0,,0.52,,
piedmonttribune.com,fake,0.041,1,M,FN,0.2,,4.6,2022-02-07T17:08:20Z,,,0.0,0.2,,0.23,,
pimatimes.com,fake,0.041,1,M,FN,0.2,,4.6,2022-02-07T16:55:35Z,0,,0.0,0.2,,0.23,,
pinaltoday.com,fake,0.048,1,M,FN,0.2,,7.2,2019-07-03T17:53:29Z,,,0.0,0.2,,0.36,,
pinebelttimes.com,fake,0.047,1,M,FN,0.2,,6.9,2019-10-15T14:55:32Z,0,,0.0,0.2,,0.35,,
pinehursttoday.com,fake,0.048,1,M,FN,0.2,,7.2,2019-06-30T20:46:30Z,0,,0.0,0.2,,0.36,,
pinellastimes.com,fake,0.048,1,M,FN,0.2,,7.2,2019-07-03T17:53:17Z,,,0.0,0.2,,0.36,,
pinestatenews.com,fake,0.047,1,M,FN,0.2,,6.9,2019-10-15T14:55:27Z,0,,0.0,0.2,,0.35,,
pjmedia.com,fake,0.093,2,M,FN,0.2,31299,27.1,1999-08-26T05:11:55Z,,,0.0,0.2,0.25,1.0,,
planetaprisao.com.br,fake,0.01,1,VL,CP,0.0,,4.0,2022-08-30T16:24:47Z,,,0.0,0.0,,0.2,,
platosguns.com,conspiracy,0.123,1,,,,,11.0,2015-08-31T08:14:58Z,,,0.1,,,0.55,,
plattenews.com,fake,0.048,1,M,FN,0.2,,7.2,2019-07-03T17:53:19Z,0,,0.0,0.2,,0.36,,
pocatellotimes.com,mixed,0.448,1,M,FN,0.2,,7.0,2019-09-04T20:54:45Z,,,0.5,0.2,,0.35,,
pointreport.org,unreliable,0.181,1,L,FN,0.1,,2.4,2024-05-07T20:20:12.931Z,,,0.2,0.1,,0.12,,
political-discussion.com,unreliable,0.185,1,L,FN,0.1,,,,,,0.2,0.1,,,,
politicalanimalnews.com,mixed,0.447,1,M,FN,0.2,,6.8,2019-12-05T22:23:59Z,,,0.5,0.2,,0.34,,
politicalblindspot.com,conspiracy,0.128,1,,,,,13.3,2013-05-14T15:31:01Z,0,,0.1,,,0.67,,
politicalcult.com,conspiracy,0.123,1,,,,,11.1,2015-07-24T23:31:09Z,0,,0.1,,,0.55,,
politicalears.com,unreliable,0.212,1,,,,,8.8,2017-12-15T19:56:11Z,,,0.2,,,0.44,,
politicalmayhem.news,fake,0.031,1,L,FN,0.1,,6.5,2020-04-02T18:08:43.927Z,0,,0.0,0.1,,0.33,,
politicalo.com,fake,0.028,1,,,,,11.1,2015-08-10T18:38:56Z,,,0.0,,,0.55,,
politicalsitenews.com,fake,0.0,1,,,,,,,,,0.0,,,,,
politicalupdator.com,fake,0.0,1,,,,,,,,,0.0,,,,,
politichicks.com,unreliable,0.218,1,L,FN,0.1,,17.3,2009-05-27T03:35:34Z,,,0.2,0.1,,0.86,,
politicono.com,fake,0.003,1,,,,,1.4,2025-04-23T13:17:20Z,0,,0.0,,,0.07,,
politicops.com,fake,0.026,1,,,,,10.5,2016-03-11T10:50:23Z,,,0.0,,,0.53,,
politicot.com,fake,0.026,1,,,,,10.4,2016-04-09T22:37:37Z,,,0.0,,,0.52,,
politicsintheusa.com,unreliable,0.213,1,,,,,9.2,2017-07-07T19:05:21Z,,,0.2,,,0.46,,
politicslive.net,fake,0.0,1,VL,FN,0.0,,,,,,0.0,0.0,,,,
politicsonline.net,unreliable,0.185,1,L,FN,0.1,,,,,,0.2,0.1,,,,
politicsusanews.com,fake,0.013,1,,,,,5.2,2021-07-17T18:05:15Z,0,,0.0,,,0.26,,
politicususa.com,unreliable,0.234,1,,,,129622,18.6,2008-01-31T18:58:55Z,0,,0.2,,0.15,0.93,,
politifact.news,unreliable,0.217,1,L,FN,0.1,,11.1,2015-08-05T20:01:38.337Z,16,,0.2,0.1,,0.55,0.29,
politnavigator.net,mixed,0.446,1,M,FN,0.2,78442,12.6,2014-02-11T19:45:45Z,0,,0.5,0.2,0.18,0.63,,
politros.com,mixed,0.409,1,M,FN,0.2,560534,0.6,2026-01-29T19:35:30Z,0,,0.5,0.2,0.04,0.03,,
polktimes.com,fake,0.048,1,M,FN,0.2,,7.2,2019-07-03T17:53:20Z,,,0.0,0.2,,0.36,,
pollhype.com,unreliable,0.192,1,,,,,0.6,2026-02-01T19:20:04Z,0,,0.2,,,0.03,,
pollution.news,fake,0.172,1,VL,CP,0.0,,8.9,2017-10-24T18:07:33.1Z,1,,0.0,0.0,,0.45,1.0,
pomonavalleynews.com,fake,0.048,1,M,FN,0.2,,7.0,2019-08-30T15:05:22Z,,,0.0,0.2,,0.35,,
pontiactimes.com,fake,0.048,1,M,FN,0.2,,7.2,2019-06-30T20:46:26Z,,,0.0,0.2,,0.36,,
pop.org,unreliable,0.218,1,L,FN,0.1,390201,30.6,1996-02-23T05:00:00.773Z,0,,0.2,0.1,0.07,1.0,,
populartechnology.net,mixed,0.48,1,M,CP,0.2,,21.4,2005-04-11T13:35:25Z,0,,0.5,0.2,,1.0,,
populist.press,fake,0.017,1,L,FN,0.1,,0.7,2026-01-13T07:33:12.0Z,0,,0.0,0.1,,0.03,,
populistpress.com,fake,0.044,1,L,FN,0.1,,11.6,2015-02-08T03:16:35Z,0,,0.0,0.1,,0.58,,
portagetimes.com,fake,0.048,1,M,FN,0.2,,7.2,2019-07-11T13:02:34Z,,,0.0,0.2,,0.36,,
portlandcourant.com,fake,0.048,1,M,FN,0.2,,7.0,2019-09-04T20:54:32Z,0,,0.0,0.2,,0.35,,
portlandmainenews.com,fake,0.047,1,M,FN,0.2,,6.9,2019-10-15T14:55:27Z,0,,0.0,0.2,,0.35,,
positivehealthwellness.com,mixed,0.433,1,M,CP,0.2,639322,10.6,2016-02-19T00:54:51Z,0,,0.5,0.2,0.03,0.53,,
powderedwigsociety.com,unreliable,0.208,1,L,FN,0.1,,13.2,2013-07-18T00:30:28Z,,,0.2,0.1,,0.66,,
powerpoliticians.com,unreliable,0.2,1,,,,,,,,,0.2,,,,,
prageru.com,fake,0.071,1,L,FN,0.1,56068,18.1,2008-08-17T00:55:25Z,,,0.0,0.1,0.21,0.91,,
prairiestatewire.com,fake,0.053,1,M,FN,0.2,,9.2,2017-06-28T20:41:33Z,0,,0.0,0.2,,0.46,,
pravda.ru,conspiracy,0.111,1,,,,11144,,,,,0.1,,0.33,,,
pravdareport.com,fake,0.031,2,VL,FN,0.0,309482,10.9,2015-11-03T19:32:45Z,,,0.0,0.0,0.08,0.55,,
prayingmedic.com,fake,0.034,1,VL,CP,0.0,,13.4,2013-04-25T18:29:39Z,0,,0.0,0.0,,0.67,,
prepareforchange.net,unreliable,0.203,1,L,CP,0.1,279808,13.3,2013-05-26T16:39:35Z,,,0.2,0.1,0.09,0.67,,
preppersdailynews.com,unreliable,0.198,1,L,FN,0.1,,9.0,2017-09-07T18:31:46Z,,,0.2,0.1,,0.45,,
prepperwebsite.com,fake,0.038,1,,,,,15.0,2011-09-18T22:11:57Z,0,,0.0,,,0.75,,
president45donaldtrump.com,fake,0.0,1,,,,,,,,,0.0,,,,,
presidentialhill.com,unreliable,0.189,1,L,FN,0.1,,5.7,2020-12-16T06:41:21Z,,,0.2,0.1,,0.29,,
presidentialvoting2016.com,unreliable,0.2,1,,,,,,,,,0.2,,,,,
presscalifornia.com,fake,0.024,1,VL,FN,0.0,,9.6,2017-02-14T23:26:11Z,0,,0.0,0.0,,0.48,,
presscorp.org,mixed,0.459,1,M,FN,0.2,,11.5,2015-03-24T22:55:03.325Z,0,,0.5,0.2,,0.57,,
pressfortruth.ca,mixed,0.477,1,M,CP,0.2,,18.9,2007-11-01T20:00:09Z,,,0.5,0.2,,0.94,,
presstv.com,unreliable,0.302,2,L,FN,0.1,87254,24.4,2002-04-05T03:55:48Z,3,,0.2,0.1,0.18,1.0,0.72,
presstv.ir,unreliable,0.204,1,,,,21308,,,,,0.2,,0.28,,,
preventgenocide2030.org,fake,0.01,1,VL,CP,0.0,,4.0,2022-08-28T03:30:42.63Z,0,,0.0,0.0,,0.2,,
principia-scientific.com,fake,0.038,1,L,CP,0.1,253904,7.2,2019-06-20T14:18:54Z,0,,0.0,0.1,0.1,0.36,,
principia-scientific.org,fake,0.056,1,L,CP,0.1,674338,15.8,2010-12-08T11:50:09.702Z,,,0.0,0.1,0.03,0.79,,
prisonplanet.com,fake,0.06,2,VL,CP,0.0,67291,25.3,2001-06-14T10:32:34Z,,,0.0,0.0,0.2,1.0,,
prisonplanet.tv,conspiracy,0.145,1,,,,,22.5,2004-03-04T21:53:22Z,0,,0.1,,,1.0,,
prntly.com,fake,0.045,2,L,FN,0.1,,12.0,2014-09-16T18:44:45Z,,,0.0,0.1,,0.6,,
proamericanews.com,fake,0.002,1,,,,,0.6,2026-01-25T17:33:55Z,,,0.0,,,0.03,,
profam.org,unreliable,0.225,1,L,FN,0.1,,29.4,1997-04-11T04:00:00.624Z,,,0.2,0.1,,1.0,,
profile.ru,mixed,0.439,1,M,FN,0.2,72932,,,,,0.5,0.2,0.19,,,
progressivestoday.com,unreliable,0.179,2,L,FN,0.1,,1.5,2025-03-30T18:03:00Z,,,0.2,0.1,,0.07,,
progresstribune.com,mixed,0.455,1,M,FN,0.2,,,,,,0.5,0.2,,,,
projectveritas.com,unreliable,0.232,2,M,FN,0.2,137840,17.8,2008-11-11T15:35:34Z,,,0.2,0.2,0.14,0.89,,
prophecynewswatch.com,unreliable,0.219,1,L,CP,0.1,311245,24.0,2002-09-30T16:22:23Z,,,0.2,0.1,0.08,1.0,,
prophecytoday.com,unreliable,0.225,1,L,CP,0.1,,27.7,1998-12-21T05:00:00Z,,,0.2,0.1,,1.0,,
propornot.com,mixed,0.455,1,M,CP,0.2,,10.1,2016-08-21T20:15:41Z,0,,0.5,0.2,,0.51,,
protothema.gr,mixed,0.454,1,M,FN,0.2,1418,,,0,,0.5,0.2,0.47,,,
protrumpnews.com,unreliable,0.187,1,L,FN,0.1,401224,7.6,2019-02-20T14:54:06Z,,,0.2,0.1,0.07,0.38,,
proudcons.com,fake,0.005,1,,,,,2.0,2024-09-28T18:32:25Z,,,0.0,,,0.1,,
proudemocrat.com,mixed,0.502,1,,,,,10.6,2016-02-15T15:03:00Z,0,,0.5,,,0.53,,
pueblapost.com,mixed,0.445,1,M,FN,0.2,,6.0,2020-09-01T21:51:00Z,0,,0.5,0.2,,0.3,,
pulaskitimes.com,fake,0.048,1,M,FN,0.2,,7.0,2019-09-05T20:13:28Z,,,0.0,0.2,,0.35,,
qanon.pub,fake,0.021,1,VL,CP,0.0,,8.5,2018-03-08T04:13:52.653Z,0,,0.0,0.0,,0.42,,
qpolitical.com,unreliable,0.197,2,M,FN,0.2,,2.9,2023-10-13T18:29:31Z,,,0.2,0.2,,0.14,,
quillette.com,mixed,0.443,1,M,FN,0.2,53318,11.0,2015-09-30T20:35:51Z,0,,0.5,0.2,0.21,0.55,,
quincyreporter.com,fake,0.052,1,M,FN,0.2,,8.8,2017-11-28T19:23:37Z,,,0.0,0.2,,0.44,,
rairfoundation.com,fake,0.046,1,L,FN,0.1,244925,10.4,2016-05-02T20:10:00Z,,,0.0,0.1,0.1,0.52,,
randolphcountynews.com,fake,0.048,1,M,FN,0.2,,7.2,2019-06-30T20:45:48Z,0,,0.0,0.2,,0.36,,
randpaul.news,fake,0.178,1,VL,CP,0.0,,11.2,2015-07-15T17:00:02.107Z,1,,0.0,0.0,,0.56,1.0,
rapturenewsnetwork.com,unreliable,0.2,1,L,CP,0.1,,9.8,2016-12-13T03:46:44Z,,,0.2,0.1,,0.49,,
rationalground.com,mixed,0.446,1,M,FN,0.2,,6.2,2020-07-14T15:31:45Z,,,0.5,0.2,,0.31,,
rawconservativeopinions.com,mixed,0.454,1,M,FN,0.2,,9.7,2016-12-23T04:40:13Z,0,,0.5,0.2,,0.48,,
rawforbeauty.com,unreliable,0.226,1,,,,,14.4,2012-04-25T21:14:50Z,0,,0.2,,,0.72,,
rawstory.com,unreliable,0.247,1,,,,9091,22.6,2004-01-29T00:18:26Z,0,,0.2,,0.34,1.0,,
react365.com,fake,0.049,2,VL,FN,0.0,,19.7,2007-01-10T21:15:30Z,0,,0.0,0.0,,0.98,,
readconservatives.news,fake,0.004,1,,,,,1.6,2025-02-12T15:15:53.182Z,,,0.0,,,0.08,,
reagancoalition.com,fake,0.047,1,,,,,18.7,2008-01-20T11:28:00Z,0,,0.0,,,0.93,,
realclimatescience.com,unreliable,0.197,1,L,CP,0.1,503772,11.7,2015-01-03T18:34:59Z,,,0.2,0.1,0.05,0.58,,
realconservativesunite.com,unreliable,0.179,1,L,FN,0.1,,1.5,2025-03-11T18:34:45Z,0,,0.2,0.1,,0.07,,
realfarmacy.com,fake,0.052,2,L,CP,0.1,418963,13.4,2013-04-21T19:40:29Z,,,0.0,0.1,0.06,0.67,,
realjewnews.com,fake,0.048,1,VL,CP,0.0,,19.0,2007-09-05T05:48:57Z,0,,0.0,0.0,,0.95,,
realnews24.com,unreliable,0.213,1,L,CP,0.1,,15.1,2011-08-07T03:13:14Z,0,,0.2,0.1,,0.76,,
realnewsrightnow.com,fake,0.029,1,,,,,11.6,2015-02-11T18:54:06Z,,,0.0,,,0.58,,
realplanetnews.com,unreliable,0.2,1,,,,,,,,,0.2,,,,,
realtimepolitics.com,unreliable,0.24,1,,,,,20.8,2005-12-07T11:16:12Z,,,0.2,,,1.0,,
rebelnews.com,mixed,0.463,1,M,FN,0.2,124508,22.8,2003-11-16T17:33:05Z,0,,0.5,0.2,0.15,1.0,,
redacted.inc,mixed,0.441,1,M,FN,0.2,,4.5,2022-03-10T10:22:00.0Z,,,0.5,0.2,,0.23,,
redcountry.us,fake,0.0,1,,,,,,,,,0.0,,,,,
reddingtoday.com,fake,0.048,1,M,FN,0.2,,7.0,2019-08-30T15:05:37Z,,,0.0,0.2,,0.35,,
redflagnews.com,conspiracy,0.131,1,,,,,14.2,2012-06-17T02:30:13Z,,,0.1,,,0.71,,
redice.tv,fake,0.05,1,L,FN,0.1,404970,12.5,2014-03-11T00:57:35Z,,,0.0,0.1,0.07,0.62,,
redorbit.com,mixed,0.466,1,M,FN,0.2,51099,27.2,1999-07-16T17:29:36Z,0,,0.5,0.2,0.22,1.0,,
redoubtnews.com,mixed,0.457,1,M,CP,0.2,,10.7,2016-01-01,0,,0.5,0.2,,0.53,,
redpillpodcasts.com,fake,0.013,1,VL,CP,0.0,,5.2,2021-06-27T23:42:27Z,0,,0.0,0.0,,0.26,,
redrightdaily.com,mixed,0.449,1,M,FN,0.2,,7.5,2019-03-15T02:55:58Z,0,,0.5,0.2,,0.38,,
redrightpatriot.com,mixed,0.447,1,M,FN,0.2,,6.7,2020-01-14T06:41:03Z,,,0.5,0.2,,0.34,,
redrocktribune.com,fake,0.004,1,,,,,1.8,2024-12-10T21:06:37Z,0,,0.0,,,0.09,,
redstate.com,unreliable,0.243,1,,,,27034,23.6,2003-02-11T20:54:06Z,,,0.2,,0.26,1.0,,
redstatenation.com,unreliable,0.198,1,L,FN,0.1,,9.1,2017-08-02T18:01:43Z,0,,0.2,0.1,,0.45,,
redstatewatcher.com,fake,0.043,2,L,FN,0.1,,11.1,2015-08-15T19:20:20Z,0,,0.0,0.1,,0.55,,
reductress.com,satire,0.308,1,,,,383488,13.7,2013-01-14T15:32:31Z,,,0.3,,0.07,0.68,,
redvoicemedia.com,unreliable,0.183,1,L,FN,0.1,364648,5.7,2020-12-26T21:12:15Z,,,0.2,0.1,0.07,0.29,,
redwhiteandright.com,unreliable,0.177,1,L,FN,0.1,,0.8,2025-12-04T19:41:32Z,0,,0.2,0.1,,0.04,,
redwoodempirenews.com,fake,0.048,1,M,FN,0.2,,7.0,2019-08-30T15:05:44Z,,,0.0,0.2,,0.35,,
reformedmedia.net,unreliable,0.214,1,L,FN,0.1,,15.4,2011-05-05T14:14:55Z,0,,0.2,0.1,,0.77,,
regated.com,mixed,0.501,1,,,,,10.3,2016-05-14T03:40:24Z,,,0.5,,,0.52,,
religionlo.com,satire,0.3,1,,,,,,,,,0.3,,,,,
religionmind.com,fake,0.025,1,,,,,9.8,2016-12-08T17:49:03Z,0,,0.0,,,0.49,,
remedydaily.com,unreliable,0.212,1,,,,202489,10.6,2016-02-12T20:10:48Z,0,,0.2,,0.12,0.53,,
remnantnewspaper.com,unreliable,0.219,1,L,FN,0.1,359259,26.0,2000-08-28T21:44:45Z,0,,0.2,0.1,0.07,1.0,,
renewamerica.com,unreliable,0.22,1,L,FN,0.1,285483,27.4,1999-04-27T12:20:20Z,0,,0.2,0.1,0.09,1.0,,
renoreporter.com,fake,0.048,1,M,FN,0.2,,7.0,2019-09-04T20:54:41Z,0,,0.0,0.2,,0.35,,
rense.com,fake,0.062,2,VL,CP,0.0,32247,27.5,1999-03-10T05:00:00Z,0,,0.0,0.0,0.25,1.0,,
republicandaily.com,mixed,0.48,1,M,FN,0.2,,20.3,2006-05-27T10:57:50Z,,,0.5,0.2,,1.0,,
republicworld.com,mixed,0.462,1,M,FN,0.2,20820,17.0,2009-09-24T19:11:36Z,0,,0.5,0.2,0.28,0.85,,
researchantisemitism.ca,unreliable,0.185,1,L,FN,0.1,,,,,,0.2,0.1,,,,
resistancereport.com,unreliable,0.235,1,,,,,17.9,2008-10-05T17:33:06Z,0,,0.2,,,0.89,,
resistthemainstream.org,fake,0.044,1,M,FN,0.2,,5.6,2021-02-01T21:13:37.233Z,,,0.0,0.2,,0.28,,
responsibletechnology.org,fake,0.084,2,M,CP,0.2,313084,23.2,2003-06-28T14:18:01.217Z,0,,0.0,0.2,0.08,1.0,,
returnofkings.com,fake,0.054,2,L,FN,0.1,397963,14.4,2012-05-05T19:52:32Z,0,,0.0,0.1,0.07,0.72,,
returntonow.net,unreliable,0.193,1,L,CP,0.1,636934,10.6,2016-02-01T19:43:15Z,0,,0.2,0.1,0.03,0.53,,
revolutionradio.org,unreliable,0.225,1,L,CP,0.1,,23.7,2003-01-05T01:13:00.517Z,0,,0.2,0.1,,1.0,,
revolutions2040.com,unreliable,0.197,1,,,,,2.7,2023-12-18T19:10:51Z,,,0.2,,,0.14,,
revolver.news,mixed,0.428,1,M,FN,0.2,134087,6.3,2020-05-26T23:23:40.153Z,0,,0.5,0.2,0.15,0.32,,
rfangle.com,mixed,0.445,1,M,FN,0.2,,6.1,2020-07-24T21:09:55Z,0,,0.5,0.2,,0.3,,
rhotv.com,fake,0.0,1,,,,,,,,,0.0,,,,,
ria.ru,unreliable,0.317,1,L,FN,0.1,2350,,,1,,0.2,0.1,0.44,,1.0,
rickwells.us,fake,0.0,1,,,,,,,,,0.0,,,,,
rightalert.com,unreliable,0.223,1,,,,,13.1,2013-08-08T20:33:53Z,,,0.2,,,0.66,,
righterway.com,unreliable,0.185,1,L,FN,0.1,,,,,,0.2,0.1,,,,
rightnewswire.com,mixed,0.422,1,M,FN,0.2,675767,6.1,2020-08-17T20:57:12Z,0,,0.5,0.2,0.03,0.3,,
rightsidenews.com,unreliable,0.215,1,L,FN,0.1,659376,19.3,2007-05-12T00:47:13Z,,,0.2,0.1,0.03,0.97,,
rightsmarts.com,mixed,0.456,1,M,FN,0.2,,10.2,2016-07-13T02:35:23Z,,,0.5,0.2,,0.51,,
rightwing.news,fake,0.015,1,L,FN,0.1,,,,0,,0.0,0.1,,,,
rightwingnews.com,fake,0.07,2,L,FN,0.1,278751,25.7,2000-12-27T02:16:45Z,0,,0.0,0.1,0.09,1.0,,
rightwingtribune.com,fake,0.043,1,L,FN,0.1,,11.2,2015-06-24T00:39:05Z,,,0.0,0.1,,0.56,,
rilenews.com,fake,0.022,1,,,,,8.9,2017-10-13T18:06:15Z,,,0.0,,,0.45,,
rinf.com,unreliable,0.219,2,L,FN,0.1,312218,23.5,2003-02-27T00:50:02Z,,,0.2,0.1,0.08,1.0,,
ripostelaique.com,fake,0.052,1,VL,FN,0.0,279109,19.1,2007-08-22T18:22:24Z,0,,0.0,0.0,0.09,0.96,,
riverbendtimes.com,fake,0.048,1,M,FN,0.2,,7.2,2019-06-30T20:46:17Z,,,0.0,0.2,,0.36,,
riverparishnews.com,fake,0.048,1,M,FN,0.2,,7.0,2019-09-05T20:13:41Z,0,,0.0,0.2,,0.35,,
riverregiontimes.com,fake,0.048,1,M,FN,0.2,,7.0,2019-09-05T20:13:29Z,,,0.0,0.2,,0.35,,
rivervalleytoday.com,fake,0.047,1,M,FN,0.2,,6.9,2019-10-15T14:55:23Z,,,0.0,0.2,,0.35,,
rochesterreporter.com,fake,0.047,1,M,FN,0.2,,6.9,2019-10-15T14:55:12Z,0,,0.0,0.2,,0.35,,
rockcitytimes.com,satire,0.325,1,,,,,16.0,2010-08-31T14:16:55Z,0,,0.3,,,0.8,,
rockfordsun.com,fake,0.056,1,M,FN,0.2,,10.3,2016-06-07T18:37:57Z,,,0.0,0.2,,0.52,,
rockinghamjournal.com,fake,0.041,1,M,FN,0.2,,4.6,2022-02-15T19:23:08Z,,,0.0,0.2,,0.23,,
rockinghamtimes.com,fake,0.077,1,H,FN,0.4,,6.9,2019-10-15T14:55:13Z,,,0.0,0.4,,0.35,,
rockislandtoday.com,fake,0.057,1,M,FN,0.2,,10.6,2016-01-22T15:20:11Z,0,,0.0,0.2,,0.53,,
rocklandreporter.com,fake,0.047,1,M,FN,0.2,,6.9,2019-10-15T14:55:18Z,,,0.0,0.2,,0.35,,
rockvalleytimes.com,fake,0.041,1,M,FN,0.2,,4.6,2022-02-15T19:24:10Z,,,0.0,0.2,,0.23,,
rockymounttoday.com,fake,0.048,1,M,FN,0.2,,7.2,2019-06-30T20:46:19Z,,,0.0,0.2,,0.36,,
rodong.rep.kp,fake,0.004,1,VL,FN,0.0,288555,,,,,0.0,0.0,0.09,,,
rogue-nation3.com,fake,0.026,1,,,,,10.3,2016-05-11T21:50:53Z,,,0.0,,,0.52,,
roguereview.net,unreliable,0.194,1,L,FN,0.1,,7.6,2019-01-22T21:44:04Z,0,,0.2,0.1,,0.38,,
romereporter.com,fake,0.048,1,M,FN,0.2,,7.0,2019-09-05T20:13:26Z,,,0.0,0.2,,0.35,,
ronpaulinstitute.org,unreliable,0.208,2,L,FN,0.1,143436,14.5,2012-03-12T18:46:15.06Z,0,,0.2,0.1,0.14,0.72,,
rossiyasegodnya.com,unreliable,0.19,1,L,FN,0.1,,6.0,2020-09-25T12:23:29Z,,,0.2,0.1,,0.3,,
rowannews.com,fake,0.048,1,M,FN,0.2,,7.2,2019-06-30T20:45:49Z,0,,0.0,0.2,,0.36,,
rsbnetwork.com,unreliable,0.194,1,L,FN,0.1,399359,10.4,2016-04-05T19:20:14Z,,,0.2,0.1,0.07,0.52,,
rt.com,fake,0.072,1,VL,FN,0.0,2568,35.0,1991-09-23T04:00:00Z,0,,0.0,0.0,0.43,1.0,,
rudaw.net,mixed,0.463,1,M,FN,0.2,43731,18.5,2008-03-03T09:55:06Z,0,,0.5,0.2,0.23,0.93,,
rumble.com,unreliable,0.314,1,L,FN,0.1,2694,27.8,1998-12-07T05:00:00Z,3,,0.2,0.1,0.43,1.0,0.72,
rumorjournal.com,fake,0.0,1,,,,,,,,,0.0,,,,,
rumormillnews.com,fake,0.057,2,VL,CP,0.0,164465,28.3,1998-06-09T04:00:00Z,0,,0.0,0.0,0.13,1.0,,
ruptly.tv,mixed,0.445,2,M,FN,0.2,259966,14.2,2012-06-25T09:19:47Z,0,,0.5,0.2,0.1,0.71,,
rushlimbaugh.com,fake,0.058,1,VL,FN,0.0,98241,31.2,1995-07-06T04:00:00Z,,,0.0,0.0,0.17,1.0,,
russia-insider.com,unreliable,0.203,2,L,FN,0.1,131038,12.1,2014-08-12T08:17:31Z,0,,0.2,0.1,0.15,0.6,,
ruthinstitute.org,unreliable,0.222,1,L,FN,0.1,,18.6,2008-02-15T21:03:07.773Z,,,0.2,0.1,,0.93,,
sacramentostandard.com,fake,0.048,1,M,FN,0.2,,7.0,2019-08-30T15:05:43Z,,,0.0,0.2,,0.35,,
salemnewswire.com,fake,0.046,1,M,FN,0.2,,6.6,2020-02-11T14:31:26Z,,,0.0,0.2,,0.33,,
sancristobalpost.com,mixed,0.446,1,M,FN,0.2,,6.2,2020-06-17T23:31:41Z,,,0.5,0.2,,0.31,,
sandhillstoday.com,fake,0.047,1,M,FN,0.2,,6.9,2019-10-15T14:55:09Z,,,0.0,0.2,,0.35,,
sandiegocitywire.com,fake,0.044,1,M,FN,0.2,,5.8,2020-12-07T03:17:20Z,0,,0.0,0.2,,0.29,,
sandovalnews.com,fake,0.033,1,,FN,0.1,,7.0,2019-09-04T20:54:35Z,0,,0.0,0.1,,0.35,,
sanevax.org,unreliable,0.215,1,L,CP,0.1,,16.2,2010-07-15T22:36:55.303Z,,,0.2,0.1,,0.81,,
sanfransun.com,fake,0.048,1,M,FN,0.2,,7.0,2019-08-30T15:05:47Z,0,,0.0,0.2,,0.35,,
sangamonsun.com,fake,0.057,1,M,FN,0.2,,10.6,2016-01-22T15:19:46Z,,,0.0,0.2,,0.53,,
sanjoaquintimes.com,fake,0.048,1,M,FN,0.2,,7.0,2019-08-30T15:05:47Z,0,,0.0,0.2,,0.35,,
sanjosestandard.com,fake,0.048,1,M,FN,0.2,,7.0,2019-08-30T15:05:39Z,,,0.0,0.2,,0.35,,
sanluispotosipost.com,mixed,0.445,1,M,FN,0.2,,5.9,2020-10-08T21:27:38Z,0,,0.5,0.2,,0.3,,
sanmateosun.com,fake,0.048,1,M,FN,0.2,,7.0,2019-08-30T15:05:48Z,,,0.0,0.2,,0.35,,
sanmiguelpost.com,mixed,0.452,1,M,FN,0.2,,8.6,2018-01-30T16:16:50Z,,,0.5,0.2,,0.43,,
santaclaratoday.com,fake,0.048,1,M,FN,0.2,,7.0,2019-08-30T15:05:21Z,,,0.0,0.2,,0.35,,
santacruzstandard.com,fake,0.048,1,M,FN,0.2,,7.0,2019-08-30T15:05:49Z,0,,0.0,0.2,,0.35,,
santafestandard.com,fake,0.048,1,M,FN,0.2,,7.0,2019-09-04T20:54:47Z,,,0.0,0.2,,0.35,,
santeplusmag.com,unreliable,0.199,1,L,CP,0.1,375757,12.1,2014-08-12T15:28:20Z,,,0.2,0.1,0.07,0.6,,
sarasotareview.com,fake,0.048,1,M,FN,0.2,,7.2,2019-07-03T17:53:22Z,0,,0.0,0.2,,0.36,,
saratogastandard.com,fake,0.047,1,M,FN,0.2,,6.9,2019-10-15T14:55:14Z,,,0.0,0.2,,0.35,,
satiratribune.com,satire,0.289,1,,,,,1.8,2024-12-02T19:53:07Z,0,,0.3,,,0.09,,
satirewire.com,satire,0.323,1,,,,471600,26.8,1999-12-02T17:22:57Z,,,0.3,,0.05,1.0,,
savannahsuntimes.com,fake,0.041,1,M,FN,0.2,,4.6,2022-02-07T16:55:31Z,0,,0.0,0.2,,0.23,,
savethemales.ca,unreliable,0.225,1,L,CP,0.1,,25.7,2001-01-10T14:35:17Z,0,,0.2,0.1,,1.0,,
scalaskanews.com,fake,0.048,1,M,FN,0.2,,7.0,2019-09-04T20:54:44Z,0,,0.0,0.2,,0.35,,
scconnnews.com,fake,0.048,1,M,FN,0.2,,7.0,2019-09-05T20:13:44Z,,,0.0,0.2,,0.35,,
science.news,fake,0.172,1,VL,CP,0.0,,8.9,2017-10-24T18:32:12.877Z,1,,0.0,0.0,,0.45,1.0,
scienceclowns.com,fake,0.029,1,VL,CP,0.0,,11.4,2015-04-26T16:06:03Z,0,,0.0,0.0,,0.57,,
sciencetimes.com,mixed,0.465,1,M,FN,0.2,68556,26.0,2000-09-26T10:42:52Z,,,0.5,0.2,0.19,1.0,,
sciencevibe.com,fake,0.037,1,M,CP,0.2,,2.7,2024-01-18T19:24:20Z,0,True,0.0,0.2,,0.14,,0.0
sckansasnews.com,fake,0.048,1,M,FN,0.2,,7.0,2019-09-05T20:13:50Z,,,0.0,0.2,,0.35,,
scminnesotanews.com,fake,0.048,1,M,FN,0.2,,7.2,2019-07-03T17:53:27Z,,,0.0,0.2,,0.36,,
scmissnews.com,fake,0.047,1,M,FN,0.2,,6.9,2019-10-15T14:55:18Z,0,,0.0,0.2,,0.35,,
scmissourinews.com,fake,0.048,1,M,FN,0.2,,7.2,2019-07-03T17:53:20Z,,,0.0,0.2,,0.36,,
scnebraskanews.com,fake,0.047,1,M,FN,0.2,,6.9,2019-10-15T14:55:10Z,0,,0.0,0.2,,0.35,,
scnewyorknews.com,fake,0.047,1,M,FN,0.2,,6.9,2019-10-15T14:55:22Z,0,,0.0,0.2,,0.35,,
scoklahomanews.com,fake,0.047,1,M,FN,0.2,,6.9,2019-10-15T14:55:09Z,0,,0.0,0.2,,0.35,,
scrappleface.com,satire,0.335,1,,,,,24.0,2002-09-17T16:36:12Z,0,,0.3,,,1.0,,
seacoaststandard.org,fake,0.041,1,M,FN,0.2,,4.6,2022-02-15T19:23:25.324Z,,,0.0,0.2,,0.23,,
sealaskanews.com,fake,0.048,1,M,FN,0.2,,7.0,2019-09-04T20:54:45Z,,,0.0,0.2,,0.35,,
searizonanews.com,fake,0.048,1,M,FN,0.2,,7.2,2019-07-03T17:53:19Z,0,,0.0,0.2,,0.36,,
seatlantanews.com,fake,0.048,1,M,FN,0.2,,7.0,2019-09-05T20:13:32Z,0,,0.0,0.2,,0.35,,
sebluegrassnews.com,fake,0.048,1,M,FN,0.2,,7.0,2019-09-04T20:54:48Z,0,,0.0,0.2,,0.35,,
secoloradonews.com,fake,0.048,1,M,FN,0.2,,7.0,2019-09-04T20:54:48Z,0,,0.0,0.2,,0.35,,
secondamendmentdaily.com,unreliable,0.197,1,L,FN,0.1,,8.8,2017-11-13T21:30:34Z,,,0.2,0.1,,0.44,,
seconnnews.com,fake,0.048,1,M,FN,0.2,,7.0,2019-09-05T20:13:43Z,0,,0.0,0.2,,0.35,,
secretsofthefed.com,conspiracy,0.13,1,,,,,14.1,2012-08-10T19:47:41Z,,,0.1,,,0.7,,
secureamericanow.org,mixed,0.47,1,M,FN,0.2,,15.9,2010-10-12T15:21:08.798Z,,,0.5,0.2,,0.8,,
sedenvernews.com,fake,0.048,1,M,FN,0.2,,7.0,2019-09-04T20:54:44Z,,,0.0,0.2,,0.35,,
seekr.com,mixed,0.456,1,M,FN,0.2,751022,23.2,2003-07-21T18:21:38Z,0,,0.5,0.2,0.02,1.0,,
segrandrapids.com,fake,0.048,1,M,FN,0.2,,7.2,2019-06-30T20:46:03Z,0,,0.0,0.2,,0.36,,
seillinoisnews.com,fake,0.056,1,M,FN,0.2,,10.5,2016-03-23T08:33:54Z,,,0.0,0.2,,0.53,,
seindiananews.com,fake,0.048,1,M,FN,0.2,,7.0,2019-09-05T20:13:26Z,0,,0.0,0.2,,0.35,,
seiowanews.com,fake,0.048,1,M,FN,0.2,,7.2,2019-06-30T20:46:19Z,,,0.0,0.2,,0.36,,
sekansascitynews.com,fake,0.048,1,M,FN,0.2,,7.2,2019-07-03T17:53:22Z,0,,0.0,0.2,,0.36,,
sekansasnews.com,fake,0.048,1,M,FN,0.2,,7.0,2019-09-05T20:13:29Z,,,0.0,0.2,,0.35,,
sekentuckynews.com,fake,0.048,1,M,FN,0.2,,7.0,2019-09-04T20:54:32Z,0,,0.0,0.2,,0.35,,
selatimes.com,fake,0.048,1,M,FN,0.2,,7.0,2019-08-30T15:05:26Z,,,0.0,0.2,,0.35,,
seminnesotanews.com,fake,0.048,1,M,FN,0.2,,7.2,2019-07-03T17:53:21Z,,,0.0,0.2,,0.36,,
semissourinews.com,fake,0.048,1,M,FN,0.2,,7.2,2019-07-03T17:53:21Z,,,0.0,0.2,,0.36,,
semontananews.com,fake,0.078,1,H,FN,0.4,,7.2,2019-06-30T20:46:41Z,0,,0.0,0.4,,0.36,,
senebraskanews.com,fake,0.047,1,M,FN,0.2,,6.9,2019-10-15T14:55:16Z,,,0.0,0.2,,0.35,,
senorthcarolinanews.com,fake,0.048,1,M,FN,0.2,,7.2,2019-06-30T20:46:07Z,0,,0.0,0.2,,0.36,,
sensationalisttimes.com,satire,0.325,1,,,,,15.8,2010-11-15T19:23:58Z,0,,0.3,,,0.79,,
sentinelblog.com,conspiracy,0.113,1,,,,,7.3,2019-06-11T18:43:28Z,,,0.1,,,0.36,,
seoaklandnews.com,fake,0.048,1,M,FN,0.2,,7.2,2019-06-30T20:46:17Z,,,0.0,0.2,,0.36,,
seohiotimes.com,fake,0.048,1,M,FN,0.2,,7.2,2019-06-30T20:46:24Z,,,0.0,0.2,,0.36,,
seoklahomanews.com,fake,0.047,1,M,FN,0.2,,6.9,2019-10-15T14:55:20Z,,,0.0,0.2,,0.35,,
setwincities.com,fake,0.048,1,M,FN,0.2,,7.2,2019-07-03T17:53:19Z,,,0.0,0.2,,0.36,,
sevegasnews.com,fake,0.048,1,M,FN,0.2,,7.0,2019-09-04T20:54:34Z,0,,0.0,0.2,,0.35,,
sfvtoday.com,fake,0.048,1,M,FN,0.2,,7.0,2019-08-30T15:05:41Z,0,,0.0,0.2,,0.35,,
sgtreport.com,unreliable,0.21,1,L,CP,0.1,195089,15.8,2010-12-08T01:34:34Z,,,0.2,0.1,0.12,0.79,,
sgvstandard.com,fake,0.048,1,M,FN,0.2,,7.0,2019-08-30T15:05:50Z,,,0.0,0.2,,0.35,,
shafaq.com,mixed,0.464,1,M,FN,0.2,95356,24.1,2002-08-17T12:47:29Z,,,0.5,0.2,0.17,1.0,,
shareblue.com,unreliable,0.229,1,,,,,15.4,2011-05-03T18:13:25Z,,,0.2,,,0.77,,
sheepkillers.com,conspiracy,0.142,2,L,CP,0.1,,18.6,2008-02-06T19:02:30Z,,,0.1,0.1,,0.93,,
shelbyreview.com,fake,0.048,1,M,FN,0.2,,7.2,2019-06-30T20:45:54Z,0,,0.0,0.2,,0.36,,
shiawasseetimes.com,fake,0.048,1,M,FN,0.2,,7.2,2019-06-30T20:46:04Z,,,0.0,0.2,,0.36,,
shoalstoday.com,fake,0.048,1,M,FN,0.2,,7.0,2019-09-05T20:13:35Z,0,,0.0,0.2,,0.35,,
shoebat.com,conspiracy,0.145,2,L,CP,0.1,283954,22.3,2004-05-27T19:18:47Z,0,,0.1,0.1,0.09,1.0,,
showmestatetimes.com,fake,0.048,1,M,FN,0.2,,7.2,2019-07-03T17:53:22Z,0,,0.0,0.2,,0.36,,
shreveportreporter.com,fake,0.048,1,M,FN,0.2,,7.0,2019-09-05T20:13:26Z,,,0.0,0.2,,0.35,,
shtfplan.com,unreliable,0.215,1,L,FN,0.1,179497,17.7,2009-01-03T04:21:44Z,0,,0.2,0.1,0.12,0.89,,
sickchirpse.com,fake,0.043,1,VL,FN,0.0,458534,15.9,2010-10-14T17:32:38Z,,,0.0,0.0,0.06,0.8,,
silnews.com,fake,0.052,1,M,FN,0.2,,8.8,2017-11-29T16:54:48Z,,,0.0,0.2,,0.44,,
silver-coin-investor. com,conspiracy,0.1,1,,,,,,,,,0.1,,,,,
silverbearcafe.com,conspiracy,0.145,1,,,,,23.8,2002-11-19T18:29:17Z,0,,0.1,,,1.0,,
silverdoctors.com,conspiracy,0.131,1,,,,521687,15.4,2011-04-10T03:47:49Z,0,,0.1,,0.05,0.77,,
silverstealers.net,conspiracy,0.134,1,,,,,15.7,2010-12-31T17:23:14Z,,,0.1,,,0.78,,
siouxcitytimes.com,fake,0.048,1,M,FN,0.2,,7.2,2019-06-30T20:46:35Z,0,,0.0,0.2,,0.36,,
sjlendman.blogspot.com,mixed,0.525,1,,,,,26.1,2000-07-31T21:38:58Z,,,0.5,,,1.0,,
skepticink.com,mixed,0.465,1,M,FN,0.2,,14.0,2012-08-30T21:53:45Z,,,0.5,0.2,,0.7,,
skeptiko.com,fake,0.05,2,VL,CP,0.0,,19.8,2006-12-07T15:58:30Z,0,,0.0,0.0,,0.99,,
sloreporter.com,fake,0.048,1,M,FN,0.2,,7.0,2019-08-30T15:05:42Z,,,0.0,0.2,,0.35,,
smag31.com,fake,0.033,1,,,,,13.3,2013-05-15T22:19:55Z,,,0.0,,,0.67,,
smobserved.com,fake,0.056,1,L,FN,0.1,528683,15.6,2011-02-25T20:20:20Z,0,,0.0,0.1,0.05,0.78,,
snanews.de,fake,0.0,1,VL,FN,0.0,,,,,,0.0,0.0,,,,
snopes.news,fake,0.067,1,VL,CP,0.0,,11.1,2015-08-05T20:07:22.8Z,18,,0.0,0.0,,0.55,0.26,
socialeverythings.com,fake,0.002,1,,,,,0.6,2026-01-27T12:04:22Z,0,,0.0,,,0.03,,
sohu.com,mixed,0.483,1,M,FN,0.2,480,28.2,1998-07-05T04:00:00Z,,,0.5,0.2,0.55,1.0,,
solanosun.com,fake,0.048,1,M,FN,0.2,,7.0,2019-08-30T15:05:50Z,0,,0.0,0.2,,0.35,,
somersettimes.com,fake,0.047,1,M,FN,0.2,,6.9,2019-10-15T14:55:18Z,0,,0.0,0.2,,0.35,,
sonsoflibertymedia.com,unreliable,0.205,1,L,FN,0.1,741468,15.5,2011-03-18T22:02:33Z,0,,0.2,0.1,0.02,0.78,,
sonsoflibertyradio.com,conspiracy,0.137,1,,,,,16.6,2010-01-27T17:59:29Z,0,,0.1,,,0.83,,
soonerstatenews.com,fake,0.048,1,M,FN,0.2,,7.0,2019-09-04T20:54:44Z,,,0.0,0.2,,0.35,,
sott.net,unreliable,0.227,1,L,CP,0.1,40719,22.6,2004-02-04T19:48:24Z,0,,0.2,0.1,0.23,1.0,,
southabqnews.com,fake,0.048,1,M,FN,0.2,,7.0,2019-09-04T20:54:37Z,,,0.0,0.2,,0.35,,
southafricatoday.net,mixed,0.439,1,M,FN,0.2,438376,12.6,2014-02-12T04:50:53Z,,,0.5,0.2,0.06,0.63,,
southalabamatimes.com,fake,0.048,1,M,FN,0.2,,7.0,2019-09-05T20:13:44Z,0,,0.0,0.2,,0.35,,
southalamedanews.com,fake,0.048,1,M,FN,0.2,,7.0,2019-08-30T15:05:25Z,,,0.0,0.2,,0.35,,
southashevillenews.com,fake,0.048,1,M,FN,0.2,,7.2,2019-06-30T20:46:04Z,0,,0.0,0.2,,0.36,,
southatlantanews.com,fake,0.048,1,M,FN,0.2,,7.0,2019-09-05T20:13:25Z,0,,0.0,0.2,,0.35,,
southbayleader.com,fake,0.048,1,M,FN,0.2,,7.0,2019-08-30T15:05:41Z,0,,0.0,0.2,,0.35,,
southbaysdnews.com,fake,0.048,1,M,FN,0.2,,7.0,2019-08-30T15:05:18Z,0,,0.0,0.2,,0.35,,
southbendtimes.com,fake,0.048,1,M,FN,0.2,,7.0,2019-09-05T20:13:44Z,0,,0.0,0.2,,0.35,,
southbergennews.com,fake,0.047,1,M,FN,0.2,,6.9,2019-10-15T14:55:13Z,0,,0.0,0.2,,0.35,,
southbirminghamtimes.com,fake,0.048,1,M,FN,0.2,,7.0,2019-09-05T20:13:35Z,0,,0.0,0.2,,0.35,,
southbrowardnews.com,fake,0.048,1,M,FN,0.2,,7.2,2019-07-03T17:53:22Z,,,0.0,0.2,,0.36,,
southcentralreporter.com,fake,0.052,1,M,FN,0.2,,8.8,2017-11-28T19:23:37Z,,,0.0,0.2,,0.44,,
southcharlottetoday.com,fake,0.048,1,M,FN,0.2,,7.0,2019-09-18T21:49:31Z,0,,0.0,0.2,,0.35,,
southcoasttimes.com,fake,0.048,1,M,FN,0.2,,7.0,2019-09-04T20:54:42Z,,,0.0,0.2,,0.35,,
southcolumbusnews.com,fake,0.048,1,M,FN,0.2,,7.2,2019-06-30T20:46:42Z,,,0.0,0.2,,0.36,,
southcooknews.com,fake,0.056,1,M,FN,0.2,,10.3,2016-06-07T16:40:00Z,,,0.0,0.2,,0.52,,
southcuyahoganews.com,fake,0.048,1,M,FN,0.2,,7.2,2019-06-30T20:46:40Z,0,,0.0,0.2,,0.36,,
southdaytonnews.com,fake,0.048,1,M,FN,0.2,,7.2,2019-06-30T20:46:38Z,,,0.0,0.2,,0.36,,
southdsmnews.com,fake,0.048,1,M,FN,0.2,,7.2,2019-06-30T20:46:38Z,0,,0.0,0.2,,0.36,,
southeasterntimes.org,fake,0.041,1,M,FN,0.2,,4.6,2022-02-15T19:23:39.816Z,0,,0.0,0.2,,0.23,,
southerncoloradotimes.com,fake,0.04,1,M,FN,0.2,,4.1,2022-08-12T12:20:09Z,,,0.0,0.2,,0.2,,
southernindianatoday.com,fake,0.048,1,M,FN,0.2,,7.0,2019-09-05T20:13:40Z,,,0.0,0.2,,0.35,,
southfranklinnews.com,fake,0.048,1,M,FN,0.2,,7.2,2019-06-30T20:46:38Z,,,0.0,0.2,,0.36,,
southfront.org,unreliable,0.199,1,L,CP,0.1,204429,11.4,2015-04-30T11:38:20.562Z,0,,0.2,0.1,0.11,0.57,,
southfultontoday.com,fake,0.048,1,M,FN,0.2,,7.0,2019-09-05T20:13:32Z,0,,0.0,0.2,,0.35,,
southgeorgiatimes.com,fake,0.048,1,M,FN,0.2,,7.0,2019-09-05T20:13:26Z,0,,0.0,0.2,,0.35,,
southguilfordnews.com,fake,0.048,1,M,FN,0.2,,7.2,2019-06-30T20:46:24Z,0,,0.0,0.2,,0.36,,
southgwinnettnews.com,fake,0.048,1,M,FN,0.2,,7.0,2019-09-05T20:13:31Z,0,,0.0,0.2,,0.35,,
southhennepinnews.com,fake,0.048,1,M,FN,0.2,,7.2,2019-07-03T17:53:22Z,0,,0.0,0.2,,0.36,,
southindynews.com,fake,0.048,1,M,FN,0.2,,7.0,2019-09-05T20:13:35Z,,,0.0,0.2,,0.35,,
southiowanews.com,fake,0.048,1,M,FN,0.2,,7.2,2019-06-30T20:46:01Z,,,0.0,0.2,,0.36,,
southjeffconews.com,fake,0.048,1,M,FN,0.2,,7.0,2019-09-04T20:54:35Z,,,0.0,0.2,,0.35,,
southjerseysun.com,fake,0.047,1,M,FN,0.2,,6.9,2019-10-15T14:55:32Z,,,0.0,0.2,,0.35,,
southkcnews.com,fake,0.048,1,M,FN,0.2,,7.2,2019-07-03T17:53:21Z,0,,0.0,0.2,,0.36,,
southkentnews.com,fake,0.048,1,M,FN,0.2,,7.2,2019-06-30T20:46:17Z,0,,0.0,0.2,,0.36,,
southlaketoday.com,fake,0.048,1,M,FN,0.2,,7.2,2019-07-03T17:53:21Z,0,,0.0,0.2,,0.36,,
southlouisiananews.com,fake,0.048,1,M,FN,0.2,,7.0,2019-09-05T20:13:47Z,,,0.0,0.2,,0.35,,
southmainenews.com,fake,0.047,1,M,FN,0.2,,6.9,2019-10-15T14:55:16Z,,,0.0,0.2,,0.35,,
southmecklenburgnews.com,fake,0.048,1,M,FN,0.2,,7.2,2019-06-30T20:45:48Z,0,,0.0,0.2,,0.36,,
southmianews.com,fake,0.048,1,M,FN,0.2,,7.2,2019-07-03T17:53:31Z,0,,0.0,0.2,,0.36,,
southmichigannews.com,fake,0.048,1,M,FN,0.2,,7.2,2019-06-30T20:46:35Z,0,,0.0,0.2,,0.36,,
southmiddlesextimes.com,fake,0.047,1,M,FN,0.2,,6.9,2019-10-15T14:55:18Z,,,0.0,0.2,,0.35,,
southncnews.com,fake,0.048,1,M,FN,0.2,,7.2,2019-06-30T20:46:30Z,,,0.0,0.2,,0.36,,
southnewcastlenews.com,fake,0.048,1,M,FN,0.2,,7.2,2019-06-30T20:46:49Z,0,,0.0,0.2,,0.36,,
southoctimes.com,fake,0.048,1,M,FN,0.2,,7.0,2019-08-30T15:05:51Z,0,,0.0,0.2,,0.35,,
southohionews.com,fake,0.048,1,M,FN,0.2,,7.2,2019-06-30T20:46:31Z,0,,0.0,0.2,,0.36,,
southokcnews.com,fake,0.047,1,M,FN,0.2,,6.9,2019-10-15T14:55:15Z,0,,0.0,0.2,,0.35,,
southomahatimes.com,fake,0.047,1,M,FN,0.2,,6.9,2019-10-15T14:55:22Z,,,0.0,0.2,,0.35,,
southoregonnews.com,fake,0.048,1,M,FN,0.2,,7.0,2019-09-04T20:54:38Z,,,0.0,0.2,,0.35,,
southorlandonews.com,fake,0.048,1,M,FN,0.2,,7.2,2019-07-03T17:53:20Z,,,0.0,0.2,,0.36,,
southpalmbeachtoday.com,fake,0.048,1,M,FN,0.2,,7.2,2019-07-03T17:53:17Z,,,0.0,0.2,,0.36,,
southpimanews.com,fake,0.048,1,M,FN,0.2,,7.2,2019-07-03T17:53:32Z,,,0.0,0.2,,0.36,,
southpinellastimes.com,fake,0.048,1,M,FN,0.2,,7.2,2019-07-03T17:53:31Z,,,0.0,0.2,,0.36,,
southraleighnews.com,fake,0.048,1,M,FN,0.2,,7.2,2019-06-30T20:46:28Z,,,0.0,0.2,,0.36,,
southsactoday.com,fake,0.048,1,M,FN,0.2,,7.0,2019-08-30T15:05:48Z,0,,0.0,0.2,,0.35,,
southsfbaynews.com,fake,0.048,1,M,FN,0.2,,7.0,2019-08-30T15:05:40Z,0,,0.0,0.2,,0.35,,
southsfvtoday.com,fake,0.048,1,M,FN,0.2,,7.0,2019-08-30T15:05:50Z,,,0.0,0.2,,0.35,,
southsgvnews.com,fake,0.048,1,M,FN,0.2,,7.0,2019-08-30T15:05:40Z,0,,0.0,0.2,,0.35,,
southstlnews.com,fake,0.048,1,M,FN,0.2,,7.2,2019-07-03T17:53:21Z,0,,0.0,0.2,,0.36,,
southsummitnews.com,fake,0.048,1,M,FN,0.2,,7.2,2019-06-30T20:45:54Z,0,,0.0,0.2,,0.36,,
southtrianglenews.com,fake,0.048,1,M,FN,0.2,,7.2,2019-06-30T20:46:41Z,0,,0.0,0.2,,0.36,,
southtulsatoday.com,fake,0.047,1,M,FN,0.2,,6.9,2019-10-15T14:55:25Z,0,,0.0,0.2,,0.35,,
southwichitanews.com,fake,0.048,1,M,FN,0.2,,7.0,2019-09-05T20:13:47Z,,,0.0,0.2,,0.35,,
southwinstonsalemnews.com,fake,0.048,1,M,FN,0.2,,7.2,2019-06-30T20:46:18Z,0,,0.0,0.2,,0.36,,
sovereignman.com,unreliable,0.234,1,,,,338440,21.6,2005-02-24T19:19:33Z,,,0.2,,0.08,1.0,,
sovren.media,unreliable,0.278,1,L,FN,0.1,177501,5.4,2021-04-26T15:32:26.881Z,2,,0.2,0.1,0.13,0.27,0.82,
space.news,fake,0.178,1,VL,CP,0.0,,11.2,2015-07-12T17:00:00.587Z,1,,0.0,0.0,,0.56,1.0,
speech-point.com,unreliable,0.185,1,L,FN,0.1,,,,,,0.2,0.1,,,,
speisa.com,unreliable,0.207,1,L,FN,0.1,,12.8,2013-11-17T08:51:06Z,0,,0.2,0.1,,0.64,,
speld.nl,satire,0.325,1,,,,242950,23.6,2003-02-11T23:36:37Z,,,0.3,,0.1,1.0,,
sportspickle.com,satire,0.287,1,,,,,0.7,2025-12-25T19:21:08Z,0,,0.3,,,0.03,,
springfieldcitywire.com,fake,0.044,1,M,FN,0.2,,5.8,2020-12-07T03:17:21Z,,,0.0,0.2,,0.29,,
springfieldstandard.com,fake,0.048,1,M,FN,0.2,,7.2,2019-07-03T17:53:32Z,0,,0.0,0.2,,0.36,,
springstimes.com,fake,0.048,1,M,FN,0.2,,7.0,2019-09-04T20:54:35Z,,,0.0,0.2,,0.35,,
sputniknews.com,fake,0.056,2,VL,FN,0.0,5619,14.9,2011-10-24T00:15:14Z,,,0.0,0.0,0.38,0.74,,
squawker.org,unreliable,0.199,1,L,FN,0.1,,9.7,2017-01-14T23:30:54.84Z,0,,0.2,0.1,,0.48,,
stanislausnews.com,fake,0.048,1,M,FN,0.2,,7.0,2019-08-30T15:05:14Z,0,,0.0,0.2,,0.35,,
staresattheworld.com,unreliable,0.217,1,L,FN,0.1,,16.8,2009-11-16T19:37:16Z,0,,0.2,0.1,,0.84,,
stateofthenation.co,unreliable,0.179,1,L,FN,0.1,334112,,,,,0.2,0.1,0.08,,,
stateofthenation2012.com,unreliable,0.201,1,L,FN,0.1,874802,14.3,2012-05-11T15:50:12Z,,,0.2,0.1,0.01,0.72,,
stcharlestimes.com,fake,0.048,1,M,FN,0.2,,7.2,2019-07-03T17:53:17Z,0,,0.0,0.2,,0.36,,
stclairtoday.com,fake,0.048,1,M,FN,0.2,,7.2,2019-06-30T20:46:16Z,0,,0.0,0.2,,0.36,,
stcloudsun.com,fake,0.048,1,M,FN,0.2,,7.2,2019-07-03T17:53:19Z,0,,0.0,0.2,,0.36,,
steadfastandloyal.com,mixed,0.454,1,M,FN,0.2,,9.4,2017-04-10T03:23:58Z,,,0.5,0.2,,0.47,,
steadfastclash.com,mixed,0.447,1,M,FN,0.2,,6.7,2019-12-16T22:18:47Z,0,,0.5,0.2,,0.34,,
steadfastdaily.com,mixed,0.452,1,M,FN,0.2,,8.7,2018-01-09T21:04:18Z,0,,0.5,0.2,,0.43,,
stillnessinthestorm.com,fake,0.046,1,L,CP,0.1,416676,11.2,2015-07-22T16:37:07Z,,,0.0,0.1,0.06,0.56,,
stjoebentonharbor.com,fake,0.048,1,M,FN,0.2,,7.2,2019-06-30T20:46:48Z,0,,0.0,0.2,,0.36,,
stlouisreporter.com,fake,0.048,1,M,FN,0.2,,7.2,2019-07-03T17:53:25Z,0,,0.0,0.2,,0.36,,
stlrecord.com,fake,0.055,1,M,FN,0.2,,9.8,2016-12-07T15:30:27Z,0,,0.0,0.2,,0.49,,
stlwestnews.com,fake,0.048,1,M,FN,0.2,,7.0,2019-09-04T22:25:43Z,,,0.0,0.2,,0.35,,
stneotscitizen.com,satire,0.3,1,,,,,,,,,0.3,,,,,
stonecoldtruth.com,fake,0.043,1,L,FN,0.1,,11.2,2015-07-13T18:22:10Z,0,,0.0,0.1,,0.56,,
stoppingsocialism.com,mixed,0.45,1,M,FN,0.2,,8.1,2018-07-23T23:30:38Z,0,,0.5,0.2,,0.4,,
stormcloudsgathering.com,fake,0.052,2,L,CP,0.1,,14.7,2012-01-19T13:25:14Z,,,0.0,0.1,,0.73,,
stormer-daily.rw,fake,0.0,1,VL,FN,0.0,,,,,,0.0,0.0,,,,
stormfront.org,fake,0.057,1,VL,CP,0.0,138775,31.7,1995-01-11T05:00:00.218Z,0,,0.0,0.0,0.14,1.0,,
stpaulreporter.com,fake,0.048,1,M,FN,0.2,,7.2,2019-07-03T17:53:23Z,0,,0.0,0.2,,0.36,,
stpetestandard.com,fake,0.048,1,M,FN,0.2,,7.2,2019-07-03T17:53:22Z,,,0.0,0.2,,0.36,,
straffordnews.com,fake,0.047,1,M,FN,0.2,,6.9,2019-10-15T14:55:25Z,0,,0.0,0.2,,0.35,,
strategic-culture.org,fake,0.048,1,VL,FN,0.0,142497,16.3,2010-06-08T15:29:02.317Z,,,0.0,0.0,0.14,0.82,,
stream.org,mixed,0.461,1,M,CP,0.2,194685,25.3,2001-06-01T10:53:00.489Z,,,0.5,0.2,0.12,1.0,,
studionewsnetwork.com,mixed,0.455,1,M,FN,0.2,,,,,,0.5,0.2,,,,
stuppid.com,satire,0.321,1,,,,,14.2,2012-06-19T10:07:27Z,0,,0.3,,,0.71,,
sturgiscoldwaternews.com,fake,0.048,1,M,FN,0.2,,7.2,2019-06-30T20:46:19Z,0,,0.0,0.2,,0.36,,
subjectpolitics.com,fake,0.051,2,L,FN,0.1,,14.3,2012-06-15T23:53:53Z,0,,0.0,0.1,,0.72,,
success-street.com,fake,0.0,1,,,,,,,,,0.0,,,,,
suffolkreporter.com,fake,0.047,1,M,FN,0.2,,6.9,2019-10-15T14:55:16Z,0,,0.0,0.2,,0.35,,
summerlinreporter.com,fake,0.041,1,M,FN,0.2,,4.6,2022-02-07T17:08:23Z,,,0.0,0.2,,0.23,,
summit.news,unreliable,0.178,1,L,FN,0.1,84136,1.6,2025-02-07T15:15:38.611Z,0,,0.2,0.1,0.18,0.08,,
sumtertimes.com,fake,0.048,1,M,FN,0.2,,7.2,2019-07-03T17:53:22Z,0,,0.0,0.2,,0.36,,
sunflowerstatenews.com,fake,0.048,1,M,FN,0.2,,7.0,2019-09-05T20:13:43Z,,,0.0,0.2,,0.35,,
sunshinesentinel.com,fake,0.048,1,M,FN,0.2,,7.2,2019-07-03T17:53:19Z,0,,0.0,0.2,,0.36,,
supplementreference.com,fake,0.05,1,VL,CP,0.0,,20.3,2006-05-16T19:07:54Z,,,0.0,0.0,,1.0,,
supportisraelnow.com,unreliable,0.181,1,L,FN,0.1,,2.5,2024-03-20T07:48:28Z,0,,0.2,0.1,,0.12,,
supremepatriot.com,fake,0.022,1,,,,,8.8,2017-11-13T19:31:33Z,,,0.0,,,0.44,,
surrealscoop.com,satire,0.333,1,,,,,19.2,2007-06-24T06:51:01Z,0,,0.3,,,0.96,,
survival.news,fake,0.028,1,VL,CP,0.0,,11.2,2015-07-12T23:47:29.813Z,0,,0.0,0.0,,0.56,,
survivalblog.com,unreliable,0.219,1,L,FN,0.1,297290,21.2,2005-07-05T18:21:28Z,0,,0.2,0.1,0.09,1.0,,
survivethenews.com,unreliable,0.181,1,L,FN,0.1,648200,5.8,2020-11-15T23:36:07Z,0,,0.2,0.1,0.03,0.29,,
sussexreview.com,fake,0.048,1,M,FN,0.2,,7.2,2019-06-30T20:46:29Z,0,,0.0,0.2,,0.36,,
sustainablepulse.com,unreliable,0.204,1,L,CP,0.1,504654,14.6,2012-01-31T16:15:06Z,0,,0.2,0.1,0.05,0.73,,
swalaskanews.com,fake,0.048,1,M,FN,0.2,,7.0,2019-09-04T20:54:32Z,0,,0.0,0.2,,0.35,,
swampdrain.com,unreliable,0.2,1,L,FN,0.1,,9.9,2016-10-30T00:26:19Z,,,0.2,0.1,,0.49,,
swarajyamag.com,unreliable,0.206,1,L,FN,0.1,71463,12.4,2014-04-18T14:12:03Z,,,0.2,0.1,0.19,0.62,,
swarizonanews.com,fake,0.048,1,M,FN,0.2,,7.2,2019-07-03T17:53:25Z,0,,0.0,0.2,,0.36,,
swarkansastimes.com,fake,0.048,1,M,FN,0.2,,7.0,2019-09-05T20:13:47Z,,,0.0,0.2,,0.35,,
swbluegrassnews.com,fake,0.048,1,M,FN,0.2,,7.0,2019-09-04T20:54:44Z,,,0.0,0.2,,0.35,,
swcoloradonews.com,fake,0.048,1,M,FN,0.2,,7.0,2019-09-04T20:54:43Z,,,0.0,0.2,,0.35,,
swconnnews.com,fake,0.048,1,M,FN,0.2,,7.0,2019-09-05T20:13:28Z,,,0.0,0.2,,0.35,,
swgeorgianews.com,fake,0.048,1,M,FN,0.2,,7.0,2019-09-05T20:13:25Z,0,,0.0,0.2,,0.35,,
swillinoisnews.com,fake,0.057,1,M,FN,0.2,,10.6,2016-01-27T18:55:57Z,0,,0.0,0.2,,0.53,,
swindiananews.com,fake,0.048,1,M,FN,0.2,,7.0,2019-09-05T20:13:47Z,0,,0.0,0.2,,0.35,,
swiowatimes.com,fake,0.048,1,M,FN,0.2,,7.2,2019-06-30T20:45:51Z,,,0.0,0.2,,0.36,,
swkansasnews.com,fake,0.048,1,M,FN,0.2,,7.0,2019-09-05T20:13:32Z,0,,0.0,0.2,,0.35,,
swlouisiananews.com,fake,0.048,1,M,FN,0.2,,7.0,2019-09-05T20:13:28Z,,,0.0,0.2,,0.35,,
swminnesotatoday.com,fake,0.048,1,M,FN,0.2,,7.2,2019-07-03T17:53:16Z,,,0.0,0.2,,0.36,,
swmissnews.com,fake,0.047,1,M,FN,0.2,,6.9,2019-10-15T14:55:21Z,0,,0.0,0.2,,0.35,,
swmissourinews.com,fake,0.048,1,M,FN,0.2,,7.2,2019-07-03T17:53:32Z,0,,0.0,0.2,,0.36,,
swmontanatimes.com,fake,0.048,1,M,FN,0.2,,7.2,2019-06-30T20:45:52Z,,,0.0,0.2,,0.36,,
swnewhampshirenews.com,fake,0.047,1,M,FN,0.2,,6.9,2019-10-15T14:55:20Z,,,0.0,0.2,,0.35,,
swnewmexiconews.com,fake,0.048,1,M,FN,0.2,,7.0,2019-09-04T20:54:38Z,0,,0.0,0.2,,0.35,,
swoklahomanews.com,fake,0.047,1,M,FN,0.2,,6.9,2019-10-15T14:55:27Z,,,0.0,0.2,,0.35,,
swprs.org,mixed,0.448,1,M,CP,0.2,137996,9.1,2017-07-27T19:48:15.985Z,5,,0.5,0.2,0.14,0.45,0.59,
swriversidenews.com,fake,0.048,1,M,FN,0.2,,7.0,2019-08-30T15:05:39Z,,,0.0,0.2,,0.35,,
swvalleytimes.com,fake,0.048,1,M,FN,0.2,,7.2,2019-07-03T17:53:25Z,,,0.0,0.2,,0.36,,
swvegasnews.com,fake,0.048,1,M,FN,0.2,,7.0,2019-09-04T20:54:40Z,0,,0.0,0.2,,0.35,,
syracusesun.com,fake,0.047,1,M,FN,0.2,,6.9,2019-10-15T14:55:24Z,,,0.0,0.2,,0.35,,
syriana-analysis.com,mixed,0.454,1,M,FN,0.2,,9.6,2017-02-02T23:28:24Z,0,,0.5,0.2,,0.48,,
syrianews.cc,unreliable,0.212,1,L,FN,0.1,,14.8,2011-11-17T08:36:50Z,0,,0.2,0.1,,0.74,,
tabascopost.com,mixed,0.445,1,M,FN,0.2,,6.0,2020-09-01T21:51:01Z,,,0.5,0.2,,0.3,,
takimag.com,unreliable,0.219,1,L,FN,0.1,226888,19.6,2007-01-22T20:12:57Z,0,,0.2,0.1,0.11,0.98,,
talknetwork.com,fake,0.05,1,VL,CP,0.0,,24.2,2002-06-22T18:06:12Z,,,0.0,0.0,,1.0,,
tallahasseesun.com,fake,0.048,1,M,FN,0.2,,7.2,2019-07-03T17:53:22Z,0,,0.0,0.2,,0.36,,
tamaulipaspost.com,mixed,0.445,1,M,FN,0.2,,6.0,2020-09-01T21:51:01Z,,,0.5,0.2,,0.3,,
tamparepublic.com,fake,0.048,1,M,FN,0.2,,7.2,2019-07-03T17:53:21Z,0,,0.0,0.2,,0.36,,
tashnews.com,unreliable,0.185,1,L,FN,0.1,,,,,,0.2,0.1,,,,
tasnimnews.com,mixed,0.452,1,M,FN,0.2,38631,14.2,2012-07-10T12:44:36Z,0,,0.5,0.2,0.24,0.71,,
tass.com,mixed,0.47,1,M,FN,0.2,13987,33.0,1993-09-17T04:00:00Z,0,,0.5,0.2,0.31,1.0,,
tass.ru,mixed,0.457,1,M,FN,0.2,3541,,,6,,0.5,0.2,0.41,,0.54,
tbdailynews.com,mixed,0.45,1,M,FN,0.2,,7.8,2018-11-16T15:25:13Z,0,,0.5,0.2,,0.39,,
tdnewswire.com,fake,0.002,1,VL,FN,0.0,,0.9,2025-10-28T21:51:59Z,,,0.0,0.0,,0.04,,
tdtalliance.com,fake,0.043,2,L,FN,0.1,,11.0,2015-09-08T21:07:35Z,,,0.0,0.1,,0.55,,
teaparty.org,fake,0.067,2,L,FN,0.1,655145,22.0,2004-09-02T18:54:10.753Z,0,,0.0,0.1,0.03,1.0,,
teapartypatriots.org,mixed,0.451,1,M,FN,0.2,508185,17.5,2009-03-10T22:59:23.005Z,,,0.5,0.2,0.05,0.88,,
technocracy.news,fake,0.034,1,VL,CP,0.0,150390,11.0,2015-09-14T13:37:25.583Z,0,,0.0,0.0,0.14,0.55,,
technocrats.news,fake,0.028,1,VL,CP,0.0,,11.2,2015-07-15T17:00:08.767Z,,,0.0,0.0,,0.56,,
techstartups.com,mixed,0.463,1,M,FN,0.2,105734,23.2,2003-07-17T18:18:34Z,0,,0.5,0.2,0.16,1.0,,
tehrantimes.com,mixed,0.467,1,M,FN,0.2,32145,28.0,1998-09-11T04:00:00Z,,,0.5,0.2,0.25,1.0,,
telesurenglish.net,mixed,0.445,1,M,FN,0.2,90134,12.4,2014-04-29T20:06:36Z,,,0.5,0.2,0.17,0.62,,
tellerreport.com,mixed,0.433,1,M,FN,0.2,127847,8.2,2018-07-09T15:55:02Z,0,,0.5,0.2,0.15,0.41,,
tennesseestar.com,fake,0.06,1,M,FN,0.2,193868,9.7,2017-01-10T23:15:48Z,,,0.0,0.2,0.12,0.48,,
tfp.org,unreliable,0.218,1,L,FN,0.1,445567,29.6,1997-02-20T05:00:00Z,,,0.2,0.1,0.06,1.0,,
thatviralfeed.net,fake,0.026,1,,,,,10.2,2016-06-29T10:20:46Z,,,0.0,,,0.51,,
the-insider.co,fake,0.0,1,,,,,,,,,0.0,,,,,
thealternativedaily.com,unreliable,0.207,1,L,CP,0.1,278293,14.8,2011-12-07T15:51:50Z,0,,0.2,0.1,0.09,0.74,,
theamericanindependent.wordpress.com,fake,0.05,1,,,,,26.5,2000-03-03T12:13:23Z,0,,0.0,,,1.0,,
theamericanmirror.com,unreliable,0.196,1,L,FN,0.1,631894,11.8,2014-12-14T14:38:04Z,,,0.2,0.1,0.03,0.59,,
theantimedia.org,conspiracy,0.13,1,,,,335829,14.3,2012-05-30T23:51:15.68Z,0,,0.1,,0.08,0.72,,
theautomaticearth.com,unreliable,0.214,1,L,CP,0.1,473002,18.6,2008-02-18T17:38:08Z,,,0.2,0.1,0.05,0.93,,
thebeardedpatriot.com,unreliable,0.207,1,L,FN,0.1,,12.8,2013-12-05T13:49:46Z,,,0.2,0.1,,0.64,,
thebeaverton.com,satire,0.316,1,,,,278245,16.6,2010-02-18T03:58:22Z,0,,0.3,,0.09,0.83,,
thebeltwayreport.com,mixed,0.45,1,M,FN,0.2,,7.8,2018-11-13T16:56:53Z,,,0.5,0.2,,0.39,,
thebigriddle.com,fake,0.032,1,,,,,12.6,2014-02-21T14:21:30Z,0,,0.0,,,0.63,,
thebl.com,fake,0.051,1,M,FN,0.2,,8.2,2018-07-03T18:20:06Z,,,0.0,0.2,,0.41,,
theblacksphere.net,mixed,0.474,1,M,FN,0.2,,17.5,2009-03-07T07:32:32Z,,,0.5,0.2,,0.88,,
theblaze.com,unreliable,0.245,2,M,FN,0.2,16043,26.0,2000-09-26T11:10:10Z,0,,0.2,0.2,0.3,1.0,,
thebluestateconservative.com,unreliable,0.19,1,L,FN,0.1,,6.1,2020-07-28T18:30:54Z,0,,0.2,0.1,,0.3,,
thebostontribune.com,fake,0.025,1,,,,,10.0,2016-09-17T21:10:34Z,0,,0.0,,,0.5,,
thebreakingnews.com,unreliable,0.225,1,L,FN,0.1,,27.1,1999-08-09T15:44:03Z,,,0.2,0.1,,1.0,,
thecancunpost.com,mixed,0.445,1,M,FN,0.2,,6.1,2020-07-22T04:01:55Z,0,,0.5,0.2,,0.3,,
thecoloradoherald.com,fake,0.031,1,L,FN,0.1,,6.3,2020-06-05T17:15:23Z,0,,0.0,0.1,,0.32,,
thecommonsenseshow.com,fake,0.038,2,VL,CP,0.0,422721,14.0,2012-08-31T21:16:27Z,0,,0.0,0.0,0.06,0.7,,
theconnecticutstar.com,fake,0.042,1,M,FN,0.2,,4.7,2021-12-20T21:21:51Z,0,,0.0,0.2,,0.24,,
theconservativebrief.com,mixed,0.451,1,M,FN,0.2,,8.3,2018-05-15T21:15:08Z,,,0.5,0.2,,0.42,,
theconservativecentral.com,unreliable,0.19,1,L,FN,0.1,,6.0,2020-09-18T19:32:27Z,,,0.2,0.1,,0.3,,
theconservativetreehouse.com,fake,0.061,1,L,FN,0.1,101266,14.9,2011-10-08T00:58:07Z,0,,0.0,0.1,0.17,0.74,,
thecontroversialfiles.net,fake,0.022,1,,,,,8.8,2017-12-09T19:41:32Z,,,0.0,,,0.44,,
thecountersignal.com,mixed,0.42,1,M,FN,0.2,657717,5.4,2021-04-08T19:28:35Z,,,0.5,0.2,0.03,0.27,,
thecovidworld.com,fake,0.002,1,VL,FN,0.0,,0.7,2026-01-08T19:07:14Z,,,0.0,0.0,,0.03,,
thedailybeast.com,mixed,0.521,1,,,,3263,21.0,2005-09-08T19:37:11Z,0,,0.5,,0.41,1.0,,
thedailybell.com,unreliable,0.215,1,L,FN,0.1,296545,18.2,2008-06-19T13:28:18Z,,,0.2,0.1,0.09,0.91,,
thedailycheck.net,mixed,0.454,1,M,CP,0.2,,9.5,2017-03-25T02:30:35Z,0,,0.5,0.2,,0.47,,
thedailyconspiracy.com,unreliable,0.176,1,L,CP,0.1,,0.3,2026-06-11T18:30:23Z,0,,0.2,0.1,,0.01,,
thedailymash.co.uk,satire,0.325,1,,,,175270,19.5,2007-03-27T15:46:32Z,,,0.3,,0.13,0.97,,
thedailysheeple.com,conspiracy,0.135,2,L,CP,0.1,394450,16.6,2010-02-12T21:27:43Z,,,0.1,0.1,0.07,0.83,,
thedailywtf.com,satire,0.33,1,,,,70455,22.3,2004-05-21T17:23:22Z,0,,0.3,,0.19,1.0,,
thedcpatriot.com,unreliable,0.194,1,L,FN,0.1,,7.6,2019-01-23T22:23:29Z,,,0.2,0.1,,0.38,,
thedesertreview.com,mixed,0.445,1,M,FN,0.2,302662,14.3,2012-06-11T23:01:29Z,,,0.5,0.2,0.09,0.72,,
theduran.com,unreliable,0.198,2,L,FN,0.1,153902,10.4,2016-04-26T09:02:45Z,0,,0.2,0.1,0.14,0.52,,
theeconomiccollapseblog.com,conspiracy,0.14,1,,,,97842,16.7,2009-12-24T22:41:49Z,0,,0.1,,0.17,0.83,,
theepochtimes.com,fake,0.249,1,M,FN,0.2,5622,22.7,2003-12-17T04:02:03Z,1,,0.0,0.2,0.38,1.0,1.0,
theeventchronicle.com,conspiracy,0.123,2,L,CP,0.1,635948,12.4,2014-04-18T03:19:50Z,0,,0.1,0.1,0.03,0.62,,
theexpose.uk,fake,0.015,1,VL,CP,0.0,731979,5.6,2021-02-14T19:28:52Z,,,0.0,0.0,0.02,0.28,,
theextinctionprotocol.com,conspiracy,0.1,1,,,,,,,,,0.1,,,,,
thefederalist.com,fake,0.08,1,M,FN,0.2,23135,14.5,2012-03-16T18:02:49Z,,,0.0,0.2,0.27,0.72,,
thefederalistpapers.org,conspiracy,0.133,2,L,FN,0.1,312965,15.6,2011-02-26T00:35:37.936Z,,,0.1,0.1,0.08,0.78,,
thefifthcolumnnews.com,mixed,0.504,1,,,,,11.6,2015-01-29T01:55:53Z,0,,0.5,,,0.58,,
theforbiddenknowledge.com,conspiracy,0.143,2,L,CP,0.1,471771,27.1,1999-08-24T19:23:43Z,,,0.1,0.1,0.05,1.0,,
thefreedomtimes.com,unreliable,0.195,1,L,FN,0.1,,8.0,2018-09-02T21:09:38Z,,,0.2,0.1,,0.4,,
thefreepatriot.org,fake,0.0,1,,,,,,,,,0.0,,,,,
thefreethoughtproject.com,fake,0.055,2,L,CP,0.1,125920,12.9,2013-10-08T00:50:23Z,,,0.0,0.1,0.15,0.65,,
thefrisky.com,mixed,0.461,1,M,FN,0.2,100700,18.9,2007-10-31T16:52:43Z,,,0.5,0.2,0.17,0.94,,
thefullertoninformer.com,fake,0.034,1,VL,CP,0.0,,13.5,2013-03-05T03:57:46Z,0,,0.0,0.0,,0.68,,
thegatewaypundit.com,fake,0.055,2,VL,FN,0.0,12745,15.6,2011-01-27T04:30:57Z,,,0.0,0.0,0.32,0.78,,
thegoldandoilguy.com/articles,unreliable,0.2,1,,,,,,,,,0.2,,,,,
thegoldwater.com,unreliable,0.197,1,L,FN,0.1,149986,10.0,2016-09-07T09:30:21Z,,,0.2,0.1,0.14,0.5,,
thegoptimes.com,mixed,0.446,1,M,FN,0.2,,6.3,2020-06-12T13:27:32Z,0,,0.5,0.2,,0.32,,
thegrayzone.com,fake,0.078,1,M,FN,0.2,75547,15.3,2011-05-31T19:14:09Z,,,0.0,0.2,0.19,0.77,,
theguadalajarapost.com,mixed,0.445,1,M,FN,0.2,,6.0,2020-09-01T21:51:00Z,,,0.5,0.2,,0.3,,
theguerreropost.com,mixed,0.445,1,M,FN,0.2,,6.0,2020-09-01T21:50:57Z,,,0.5,0.2,,0.3,,
thehardtimes.net,satire,0.305,1,,,,209075,11.8,2014-11-10T05:02:39Z,,,0.3,,0.11,0.59,,
thehayride.com,unreliable,0.212,1,L,FN,0.1,407630,17.4,2009-04-17T00:21:01Z,0,,0.2,0.1,0.06,0.87,,
thehealthyamerican.org,fake,0.016,1,VL,CP,0.0,,6.3,2020-05-18T02:47:51.417Z,,,0.0,0.0,,0.32,,
thehighwire.com,unreliable,0.222,1,L,CP,0.1,142198,22.1,2004-08-07T18:12:02Z,0,,0.2,0.1,0.14,1.0,,
thehornnews.com,unreliable,0.197,1,L,FN,0.1,321747,11.3,2015-06-10T19:49:07Z,0,,0.2,0.1,0.08,0.57,,
theineptowl.com,satire,0.334,1,,,,,19.6,2007-02-22T17:02:20Z,,,0.3,,,0.98,,
theinformedamerican.net,unreliable,0.216,1,,,,,10.5,2016-03-03T21:10:47Z,,,0.2,,,0.53,,
theintercept.com,mixed,0.532,1,,,,6722,17.0,2009-10-01T04:47:08Z,4,,0.5,,0.36,0.85,0.65,
theinternetpost.net,fake,0.006,1,,,,,2.2,2024-07-06T18:04:52Z,0,,0.0,,,0.11,,
theiowastar.com,mixed,0.451,1,M,FN,0.2,,8.2,2018-06-23T18:20:46Z,,,0.5,0.2,,0.41,,
theirishsentinel.com,fake,0.017,1,VL,CP,0.0,,6.7,2019-12-17T11:30:26Z,,,0.0,0.0,,0.34,,
thejeffreylord.com,mixed,0.448,1,M,FN,0.2,,7.0,2019-09-25T18:14:47Z,0,,0.5,0.2,,0.35,,
thejewishvoice.com,mixed,0.431,1,M,FN,0.2,626584,9.9,2016-10-08T18:04:31Z,,,0.5,0.2,0.03,0.49,,
thelastamericanvagabond.com,unreliable,0.203,1,L,FN,0.1,238162,13.3,2013-06-10T00:18:20Z,0,,0.2,0.1,0.1,0.67,,
thelastgreatstand.com,fake,0.019,1,,,,,7.7,2019-01-03T19:12:13Z,,,0.0,,,0.39,,
thelastlineofdefense.org,satire,0.364,1,,,,,10.7,2016-01-19T01:31:59.603Z,4,,0.3,,,0.53,0.65,
thelaughclub.net,unreliable,0.193,1,L,FN,0.1,,7.1,2019-07-24T13:31:06Z,,,0.2,0.1,,0.35,,
thelibertybeacon.com,conspiracy,0.129,2,L,CP,0.1,283734,13.9,2012-10-15T14:42:11Z,,,0.1,0.1,0.09,0.7,,
thelibertydaily.com,mixed,0.442,1,M,FN,0.2,119319,11.9,2014-10-14T02:39:10Z,,,0.5,0.2,0.15,0.59,,
thelibertyloft.com,mixed,0.447,1,M,FN,0.2,,6.6,2020-02-13T02:01:58Z,0,,0.5,0.2,,0.33,,
thelibertymill.com,conspiracy,0.131,1,,,,,14.4,2012-05-02T16:20:36Z,,,0.1,,,0.72,,
thelibertyrevolution.com,unreliable,0.193,1,L,FN,0.1,,7.2,2019-06-22T05:01:50Z,,,0.2,0.1,,0.36,,
themadisonmisnomer.com,satire,0.3,1,,,,,,,,,0.3,,,,,
themazatlanpost.com,mixed,0.428,1,M,FN,0.2,630217,8.4,2018-04-14T20:44:15Z,0,,0.5,0.2,0.03,0.42,,
themexicocitypost.com,mixed,0.449,1,M,FN,0.2,,7.7,2019-01-07T06:48:29Z,0,,0.5,0.2,,0.39,,
themichiganstar.com,fake,0.054,1,M,FN,0.2,,9.7,2017-01-15T20:10:53Z,0,,0.0,0.2,,0.48,,
themideastbeast.com,satire,0.314,1,,,,,11.5,2015-03-01T08:50:52Z,,,0.3,,,0.57,,
themillenniumreport.com,unreliable,0.199,1,L,FN,0.1,394436,12.2,2014-07-08T17:58:39Z,,,0.2,0.1,0.07,0.61,,
themindunleashed.com,conspiracy,0.129,2,L,CP,0.1,298922,13.7,2013-01-18T00:38:35Z,,,0.1,0.1,0.09,0.68,,
themindunleashed.org,conspiracy,0.127,1,,,,431241,13.4,2013-04-12T21:40:52.696Z,0,,0.1,,0.06,0.67,,
theminnesotasun.com,fake,0.051,1,M,FN,0.2,,8.2,2018-06-23T03:30:20Z,0,,0.0,0.2,,0.41,,
themoralofthestory.us,fake,0.0,1,,,,,,,,,0.0,,,,,
themostimportantnews.com,unreliable,0.211,1,L,FN,0.1,448958,17.3,2009-05-19T02:38:23Z,,,0.2,0.1,0.06,0.86,,
themuslimissue.wordpress.com,conspiracy,0.145,1,,,,,26.5,2000-03-03T12:13:23Z,,,0.1,,,1.0,,
thenationalnews.com,mixed,0.473,1,M,FN,0.2,7049,21.7,2005-01-12T19:23:55Z,0,,0.5,0.2,0.36,1.0,,
thenationalpatriot.com,unreliable,0.213,1,L,FN,0.1,,15.2,2011-07-17T16:47:55Z,,,0.2,0.1,,0.76,,
thenationalpulse.com,mixed,0.437,1,M,FN,0.2,141261,9.8,2016-11-15T19:31:20Z,0,,0.5,0.2,0.14,0.49,,
thenayaritpost.com,mixed,0.446,1,M,FN,0.2,,6.2,2020-07-17T15:59:17Z,0,,0.5,0.2,,0.31,,
thenet24h.com,fake,0.003,1,,,,,1.4,2025-04-11T18:20:15Z,,,0.0,,,0.07,,
thenevadannews.com,mixed,0.439,1,M,FN,0.2,,3.5,2023-03-28T16:28:09Z,,,0.5,0.2,,0.17,,
thenewamerican.com,mixed,0.511,1,,,,42601,27.4,1999-04-15T04:00:00Z,0,,0.5,,0.23,1.0,,
thenewsdoctors.com,mixed,0.488,1,,,,,5.3,2021-06-15T18:24:30Z,,,0.5,,,0.27,,
thenewsnerd.com,satire,0.301,1,,,,,6.6,2020-02-19T19:24:49Z,,,0.3,,,0.33,,
thenewyorkevening.com,fake,0.026,1,,,,,10.4,2016-04-23T18:30:32Z,0,,0.0,,,0.52,,
theoaxacapost.com,mixed,0.446,1,M,FN,0.2,,6.2,2020-06-17T23:31:41Z,,,0.5,0.2,,0.31,,
theohiostar.com,fake,0.054,1,M,FN,0.2,,9.7,2017-01-15T20:10:53Z,,,0.0,0.2,,0.48,,
theonion.com,satire,0.338,1,,,,7621,31.5,1995-03-21T05:00:00Z,0,,0.3,,0.35,1.0,,
theorganicprepper.com,mixed,0.44,1,M,CP,0.2,374239,12.6,2014-01-30T19:12:55Z,0,,0.5,0.2,0.07,0.63,,
thepatriotictimes.com,mixed,0.448,1,M,FN,0.2,,7.3,2019-05-14T13:40:58Z,,,0.5,0.2,,0.36,,
thepatriotjournal.com,mixed,0.456,1,M,FN,0.2,,10.3,2016-05-31T20:47:17Z,,,0.5,0.2,,0.52,,
thepatriotlight.com,unreliable,0.193,1,L,FN,0.1,,7.3,2019-05-21T04:55:25Z,0,,0.2,0.1,,0.36,,
thepatriotnation.net,unreliable,0.208,1,L,FN,0.1,,13.3,2013-05-13T15:04:06Z,0,,0.2,0.1,,0.67,,
thepatriotnurse.com,mixed,0.469,1,M,FN,0.2,,15.7,2011-01-12T21:02:13Z,,,0.5,0.2,,0.78,,
thephaser.com,fake,0.032,2,VL,CP,0.0,,12.7,2013-12-17T00:43:13Z,0,,0.0,0.0,,0.64,,
thepoke.co.uk,satire,0.324,1,,,,295931,24.5,2002-03-22T16:16:31Z,0,,0.3,,0.09,1.0,,
thepoliticalinsider.com,fake,0.07,2,L,FN,0.1,232848,20.3,2006-05-31T22:53:37Z,,,0.0,0.1,0.11,1.0,,
thepolitics.online,unreliable,0.177,1,L,FN,0.1,,1.0,2025-09-19T04:33:21.0Z,0,,0.2,0.1,,0.05,,
thepoliticsbrief.com,mixed,0.439,1,M,FN,0.2,,3.4,2023-04-29T07:19:50Z,,,0.5,0.2,,0.17,,
thepostemail.com,mixed,0.448,1,M,FN,0.2,869761,16.9,2009-11-06T20:03:38Z,0,,0.5,0.2,0.01,0.84,,
theproudliberal.org,mixed,0.455,1,M,FN,0.2,,10.1,2016-07-29T18:39:42.689Z,,,0.5,0.2,,0.51,,
thepublicdiscourse.com,unreliable,0.217,1,L,FN,0.1,127422,18.0,2008-09-15T15:44:12Z,0,,0.2,0.1,0.15,0.9,,
thepulse.one,unreliable,0.189,1,L,CP,0.1,,5.4,2021-04-28T21:09:30Z,0,,0.2,0.1,,0.27,,
thepuristonline.com,unreliable,0.199,1,L,CP,0.1,,9.7,2017-01-20T18:25:37Z,0,,0.2,0.1,,0.48,,
theqanons.com,fake,0.018,1,VL,CP,0.0,,7.4,2019-04-05T16:21:24Z,0,,0.0,0.0,,0.37,,
theracketreport.com,fake,0.029,1,,,,,11.6,2015-02-06T01:09:51Z,0,,0.0,,,0.58,,
theragingpatriot.org,unreliable,0.175,1,L,FN,0.1,,0.1,2026-08-03T17:03:45.035Z,0,,0.2,0.1,,0.01,,
therealstrategy.com,conspiracy,0.11,1,,,,,5.8,2020-12-14T19:15:10Z,0,,0.1,,,0.29,,
theredelephants.com,fake,0.025,1,VL,FN,0.0,,9.8,2016-11-10T21:43:26Z,,,0.0,0.0,,0.49,,
theregionnews.com,fake,0.048,1,M,FN,0.2,,7.0,2019-09-05T20:13:47Z,,,0.0,0.2,,0.35,,
thereligionofpeace.com,unreliable,0.221,1,L,FN,0.1,187232,23.8,2002-11-21T14:22:44Z,,,0.2,0.1,0.12,1.0,,
thereporterz.com,fake,0.015,1,,,,,6.1,2020-08-24T18:12:23Z,0,,0.0,,,0.3,,
therightists.com,fake,0.041,2,L,FN,0.1,,10.4,2016-04-10T13:33:16Z,0,,0.0,0.1,,0.52,,
therightscoop.com,fake,0.08,2,M,FN,0.2,168212,17.6,2009-01-25T21:12:54Z,,,0.0,0.2,0.13,0.88,,
therightstuff.biz,fake,0.035,2,VL,FN,0.0,,13.9,2012-10-04T03:18:13Z,0,,0.0,0.0,,0.7,,
therundownlive.com,unreliable,0.208,1,L,CP,0.1,,13.3,2013-06-12T20:03:00Z,,,0.2,0.1,,0.67,,
thescoop.us,mixed,0.455,1,M,FN,0.2,,,,,,0.5,0.2,,,,
theseattletribune.com,satire,0.309,1,,,,,9.7,2017-01-02T00:19:00Z,,,0.3,,,0.48,,
theshovel.com.au,satire,0.287,1,,,,584887,,,,,0.3,,0.04,,,
theskunk.org,satire,0.33,1,,,,,18.1,2008-07-31T02:32:29.872Z,0,,0.3,,,0.91,,
thesonorapost.com,mixed,0.445,1,M,FN,0.2,,6.0,2020-09-01T21:50:57Z,0,,0.5,0.2,,0.3,,
thespectator.info,fake,0.017,1,VL,FN,0.0,,6.8,2019-12-02T18:57:27.167Z,,,0.0,0.0,,0.34,,
thespoof.com,satire,0.323,1,,,,404220,23.5,2003-03-25T17:36:31Z,,,0.3,,0.07,1.0,,
thestarnewsnetwork.com,mixed,0.423,1,M,FN,0.2,677028,6.7,2020-01-01T17:55:36Z,,,0.5,0.2,0.03,0.34,,
thestatelyharold.com,satire,0.303,1,,,,,7.4,2019-04-18T18:04:12Z,0,,0.3,,,0.37,,
thetimesoftheworld.com,satire,0.3,1,,,,,,,,,0.3,,,,,
thetruedefender.com,unreliable,0.189,1,L,FN,0.1,,5.7,2021-01-05T22:38:59Z,0,,0.2,0.1,,0.29,,
thetruereporter.com,unreliable,0.189,1,L,FN,0.1,,5.7,2021-01-20T22:28:31Z,0,,0.2,0.1,,0.29,,
thetrumpet.com,mixed,0.462,1,M,CP,0.2,161649,28.3,1998-05-19T04:00:00Z,,,0.5,0.2,0.13,1.0,,
thetrumpmedia.com,fake,0.009,1,,,,,3.5,2023-03-09T04:17:06Z,,,0.0,,,0.17,,
thetruthaboutcancer.com,fake,0.059,2,L,CP,0.1,253620,15.7,2011-01-13T19:29:42Z,0,,0.0,0.1,0.1,0.78,,
thetruthdivision.com,fake,0.027,1,,,,,10.6,2016-02-21T20:33:40Z,,,0.0,,,0.53,,
thetruthseeker.co.uk,fake,0.07,2,L,CP,0.1,249102,24.0,2002-08-30T08:59:04Z,0,,0.0,0.1,0.1,1.0,,
thetruthvoice.net,unreliable,0.185,1,L,FN,0.1,,,,,,0.2,0.1,,,,
thetruthwins.com,conspiracy,0.139,1,,,,,17.4,2009-04-12T00:49:13Z,,,0.1,,,0.87,,
theunionjournal.com,unreliable,0.194,1,L,FN,0.1,,7.4,2019-04-23T14:11:24Z,0,,0.2,0.1,,0.37,,
theunrealtimes.com,satire,0.324,1,,,,,15.4,2011-05-04T05:47:44Z,0,,0.3,,,0.77,,
theusa-news.com,fake,0.0,1,,,,,,,,,0.0,,,,,
theuspatriot.com,fake,0.004,1,,,,,1.7,2024-12-22T19:21:52Z,0,,0.0,,,0.08,,
thevaccinereaction.org,unreliable,0.203,1,L,CP,0.1,397387,13.7,2013-01-09T15:15:28.009Z,,,0.2,0.1,0.07,0.68,,
thevalleyreport.com,satire,0.312,1,,,,,11.0,2015-08-28T22:41:53Z,,,0.3,,,0.55,,
thevirginiastar.com,fake,0.054,1,M,FN,0.2,,9.7,2017-01-15T20:14:30Z,,,0.0,0.2,,0.48,,
thewashingtonpress.com,fake,0.019,1,,,,,7.5,2019-03-11T18:08:00Z,,,0.0,,,0.38,,
thewashingtonstandard.com,unreliable,0.201,1,L,FN,0.1,427161,13.1,2013-08-20T13:54:24Z,,,0.2,0.1,0.06,0.66,,
thewatchtowers.com,conspiracy,0.134,1,,,,,15.6,2011-02-22T17:16:17Z,,,0.1,,,0.78,,
theyucatanpost.com,mixed,0.452,1,M,FN,0.2,,8.6,2018-02-02T17:22:37Z,0,,0.5,0.2,,0.43,,
thieme.de,mixed,0.443,1,M,CP,0.2,27371,,,,,0.5,0.2,0.26,,,
thinkamericana.com,unreliable,0.199,1,L,FN,0.1,,9.6,2017-02-09T20:34:34Z,,,0.2,0.1,,0.48,,
thinkinghumanity.com,unreliable,0.207,1,L,CP,0.1,,12.6,2014-02-21T02:03:07Z,0,,0.2,0.1,,0.63,,
thinkingmomsrevolution.com,unreliable,0.212,1,L,CP,0.1,,14.9,2011-10-09T02:06:09Z,,,0.2,0.1,,0.74,,
thinkprogress.org,mixed,0.515,1,,,,16275,21.7,2004-12-23T22:11:24.104Z,0,,0.5,,0.3,1.0,,
thoughtcrimeradio.net,fake,0.043,1,VL,CP,0.0,,17.1,2009-08-22T00:56:21Z,,,0.0,0.0,,0.86,,
threepercenternation.com,fake,0.031,1,,,,,12.3,2014-05-20T20:31:47Z,0,,0.0,,,0.61,,
threeriversgazette.com,fake,0.041,1,M,FN,0.2,,4.6,2022-02-07T16:55:13Z,,,0.0,0.2,,0.23,,
thriveglobal.com,mixed,0.462,1,M,CP,0.2,23173,17.3,2009-05-31T16:23:04Z,0,,0.5,0.2,0.27,0.86,,
thrivemovement.com,unreliable,0.21,1,L,CP,0.1,684405,17.6,2009-02-11T19:48:35Z,0,,0.2,0.1,0.03,0.88,,
thumbreporter.com,fake,0.048,1,M,FN,0.2,,7.2,2019-06-30T20:45:51Z,0,,0.0,0.2,,0.36,,
times.com.mx,fake,0.0,1,,,,,,,,,0.0,,,,,
tmzworldnews.com,fake,0.017,1,,,,,7.0,2019-09-15T18:28:31Z,,,0.0,,,0.35,,
tobacconewswire.com,fake,0.049,1,M,FN,0.2,,7.6,2019-02-20T15:44:21Z,,,0.0,0.2,,0.38,,
toddstarnes.com,mixed,0.533,1,M,FN,0.2,411028,23.7,2003-01-16T02:22:20Z,1,,0.5,0.2,0.06,1.0,1.0,
toledoreporter.com,fake,0.048,1,M,FN,0.2,,7.2,2019-06-30T20:46:10Z,0,,0.0,0.2,,0.36,,
tomwoods.com,unreliable,0.232,1,,,,645969,24.7,2001-12-27T19:57:25Z,0,,0.2,,0.03,1.0,,
toofab.com,mixed,0.465,1,M,FN,0.2,71416,23.0,2003-09-20T14:01:04Z,,,0.5,0.2,0.19,1.0,,
topekasnews.com,satire,0.294,1,,,,,3.5,2023-03-13T18:08:23Z,0,,0.3,,,0.17,,
topekasun.com,fake,0.048,1,M,FN,0.2,,7.0,2019-09-05T20:13:48Z,0,,0.0,0.2,,0.35,,
topinfopost.com,conspiracy,0.129,1,,,,,13.5,2013-03-29T06:22:55Z,,,0.1,,,0.68,,
topwar.ru,mixed,0.446,1,M,FN,0.2,13642,,,,,0.5,0.2,0.31,,,
torontotoday.net,fake,0.025,1,L,FN,0.1,,4.0,2022-09-26T18:20:00Z,,,0.0,0.1,,0.2,,
totalityofevidence.com,fake,0.012,1,VL,CP,0.0,,4.7,2022-01-12T22:26:45Z,0,,0.0,0.0,,0.24,,
toutiao.com,mixed,0.551,1,M,FN,0.2,2820,22.6,2004-02-16T06:00:15Z,1,,0.5,0.2,0.42,1.0,1.0,
tplnews.com,mixed,0.455,1,M,FN,0.2,,,,,,0.5,0.2,,,,
tpusa.com,unreliable,0.222,1,L,FN,0.1,148396,24.1,2002-08-25T18:03:39Z,,,0.2,0.1,0.14,1.0,,
treason.news,fake,0.177,1,VL,CP,0.0,,10.9,2015-11-05T18:30:52.59Z,1,,0.0,0.0,,0.55,1.0,
treasurecoastsun.com,fake,0.048,1,M,FN,0.2,,7.2,2019-07-03T17:53:17Z,,,0.0,0.2,,0.36,,
treasurevalleytimes.com,mixed,0.448,1,M,FN,0.2,,7.0,2019-09-04T20:54:45Z,,,0.5,0.2,,0.35,,
trendingpolitics.com,unreliable,0.19,1,L,FN,0.1,886373,9.7,2016-12-20T18:38:32Z,,,0.2,0.1,0.01,0.48,,
trendingpoliticsnews.com,mixed,0.422,1,M,FN,0.2,210310,4.5,2022-03-03T18:15:33Z,,,0.5,0.2,0.11,0.23,,
tri-cityrecord.org,fake,0.041,1,M,FN,0.2,,4.6,2022-02-07T17:08:43.226Z,,,0.0,0.2,,0.23,,
trialsitenews.com,mixed,0.432,1,M,CP,0.2,187320,8.3,2018-05-22T06:35:59Z,0,,0.5,0.2,0.12,0.42,,
trianglenews.org,fake,0.041,1,M,FN,0.2,,4.6,2022-02-07T17:08:38.243Z,,,0.0,0.2,,0.23,,
tricitysun.com,fake,0.048,1,M,FN,0.2,,7.2,2019-06-30T20:46:37Z,,,0.0,0.2,,0.36,,
triconews.com,fake,0.048,1,M,FN,0.2,,7.2,2019-06-30T20:46:23Z,0,,0.0,0.2,,0.36,,
triggerreset.net,unreliable,0.176,1,L,FN,0.1,,0.6,2026-02-12T01:36:23Z,,,0.2,0.1,,0.03,,
trueactivist.com,unreliable,0.208,2,L,FN,0.1,207618,15.0,2011-09-07T09:36:16Z,0,,0.2,0.1,0.11,0.75,,
trueamericans.me,fake,0.0,1,,,,,,,,,0.0,,,,,
truepundit.com,fake,0.044,2,L,CP,0.1,424765,10.5,2016-03-13T21:56:46Z,0,,0.0,0.1,0.06,0.53,,
truetrumpers.com,fake,0.003,1,,,,,1.2,2025-07-17T07:14:12Z,0,,0.0,,,0.06,,
trueviralnews.com,fake,0.027,1,VL,FN,0.0,,10.6,2016-01-25T13:28:25Z,,,0.0,0.0,,0.53,,
trumballnews.com,fake,0.048,1,M,FN,0.2,,7.2,2019-06-30T20:46:07Z,0,,0.0,0.2,,0.36,,
trump.news,unreliable,0.235,1,L,FN,0.1,,11.2,2015-07-14T04:48:51.343Z,10,,0.2,0.1,,0.56,0.41,
trumpstudents.org,mixed,0.448,1,M,FN,0.2,,7.2,2019-06-26T12:11:15.363Z,,,0.5,0.2,,0.36,,
trumptrainnews.com,fake,0.056,1,M,FN,0.2,,10.4,2016-04-13T22:06:18Z,0,,0.0,0.2,,0.52,,
trumpvision365.com,fake,0.004,1,,,,,1.5,2025-03-17T21:46:02Z,,,0.0,,,0.07,,
trunews.com,fake,0.068,1,L,CP,0.1,437443,23.1,2003-08-02T22:04:50Z,0,,0.0,0.1,0.06,1.0,,
truth11.com,fake,0.042,1,VL,CP,0.0,868770,16.7,2010-01-16T04:47:36Z,,,0.0,0.0,0.01,0.83,,
truthandaction.org,conspiracy,0.128,2,L,FN,0.1,,13.2,2013-07-11T22:26:45.129Z,0,,0.1,0.1,,0.66,,
truthbroadcastnetwork.com,conspiracy,0.113,1,,,,,7.3,2019-05-22T18:04:11Z,0,,0.1,,,0.36,,
truthfeed.com,conspiracy,0.124,1,,,,,11.7,2015-01-01T19:21:17Z,,,0.1,,,0.58,,
truthfrequencyradio.com,conspiracy,0.137,1,,,,,16.6,2010-01-22T04:55:49Z,0,,0.1,,,0.83,,
truthinmedia.com,unreliable,0.215,1,L,FN,0.1,938186,27.0,1999-09-03T17:18:36Z,,,0.2,0.1,0.0,1.0,,
truthkings.com,conspiracy,0.143,1,,,,,19.3,2007-06-06T15:53:58Z,,,0.1,,,0.97,,
truthmonitor.com,unreliable,0.2,1,L,FN,0.1,,9.9,2016-10-20T21:00:56Z,0,,0.2,0.1,,0.49,,
truthrevolt.org,unreliable,0.216,1,,,,382908,13.2,2013-07-03T15:32:21.075Z,0,,0.2,,0.07,0.66,,
truthuncensored.net,unreliable,0.207,1,L,FN,0.1,,12.7,2013-12-31T16:34:43Z,0,,0.2,0.1,,0.64,,
tsargrad.tv,mixed,0.449,1,M,FN,0.2,22216,12.1,2014-07-31T12:12:27Z,0,,0.5,0.2,0.28,0.6,,
tucsonstandard.com,fake,0.048,1,M,FN,0.2,,7.2,2019-07-03T17:53:24Z,,,0.0,0.2,,0.36,,
tularetimes.com,fake,0.048,1,M,FN,0.2,,7.0,2019-08-30T15:05:22Z,,,0.0,0.2,,0.35,,
tulsastandard.com,fake,0.047,1,M,FN,0.2,,6.9,2019-10-15T14:55:24Z,0,,0.0,0.2,,0.35,,
tuscaloosaleader.com,fake,0.048,1,M,FN,0.2,,7.0,2019-09-05T20:13:25Z,,,0.0,0.2,,0.35,,
tuscarawasnews.com,mixed,0.448,1,M,FN,0.2,,7.2,2019-06-30T20:46:35Z,0,,0.5,0.2,,0.36,,
twisted.news,fake,0.028,1,VL,CP,0.0,,11.2,2015-07-13T23:27:30.567Z,0,,0.0,0.0,,0.56,,
twitchy.com,unreliable,0.242,1,,,,40459,23.8,2002-11-27T07:18:29Z,,,0.2,,0.23,1.0,,
tworiversnews.org,fake,0.041,1,M,FN,0.2,,4.6,2022-02-07T17:08:15.283Z,0,,0.0,0.2,,0.23,,
tyranny.news,fake,0.028,1,VL,CP,0.0,,11.2,2015-07-15T17:00:07.63Z,,,0.0,0.0,,0.56,,
ufoholic.com,conspiracy,0.098,1,,,,,1.0,2025-10-03T18:28:32Z,0,,0.1,,,0.05,,
ukcolumn.org,unreliable,0.217,1,L,CP,0.1,261400,18.7,2007-12-21T16:46:33.518Z,0,,0.2,0.1,0.1,0.93,,
ukraina.ru,mixed,0.441,1,M,FN,0.2,49951,,,,,0.5,0.2,0.22,,,
unclesamsmisguidedchildren.com,unreliable,0.213,2,L,FN,0.1,,15.2,2011-07-20T06:02:38Z,,,0.2,0.1,,0.76,,
unconfirmedsources.com,satire,0.335,1,,,,,22.6,2004-02-01T19:36:14Z,,,0.3,,,1.0,,
uncoverdc.com,unreliable,0.187,1,L,FN,0.1,316049,7.3,2019-05-31T17:45:05Z,0,,0.2,0.1,0.08,0.36,,
undergroundnewsreport.com,fake,0.024,1,,,,,9.6,2017-02-20T20:03:33Z,0,,0.0,,,0.48,,
undergroundworldnews.com,fake,0.034,1,,,,,13.5,2013-03-26T16:19:28Z,,,0.0,,,0.68,,
understandingthethreat.com,unreliable,0.21,1,L,FN,0.1,,14.2,2012-06-21T05:37:05Z,0,,0.2,0.1,,0.71,,
unioncountyreview.com,fake,0.047,1,M,FN,0.2,,6.9,2019-10-15T14:55:21Z,0,,0.0,0.2,,0.35,,
uniteamericafirst.com,unreliable,0.199,1,L,FN,0.1,,9.6,2017-02-03T02:55:02Z,0,,0.2,0.1,,0.48,,
unitedmediapublishing.com,fake,0.029,1,,,,,11.5,2015-03-17T18:03:18Z,,,0.0,,,0.57,,
unitedvoice.com,mixed,0.455,1,M,FN,0.2,936527,26.4,2000-04-26T12:37:21Z,,,0.5,0.2,0.0,1.0,,
universepolitics.com,fake,0.006,1,,,,,2.3,2024-06-06T18:13:26Z,0,,0.0,,,0.11,,
unlimitedhangout.com,mixed,0.427,1,M,CP,0.2,192258,6.5,2020-03-07T23:55:10Z,0,,0.5,0.2,0.12,0.33,,
unmuzzlednews.com,mixed,0.444,1,M,FN,0.2,,5.7,2021-01-12T19:02:45Z,0,,0.5,0.2,,0.29,,
unz.com,unreliable,0.227,2,L,FN,0.1,38462,28.9,1997-11-06T05:00:00Z,0,,0.2,0.1,0.24,1.0,,
upgazette.com,fake,0.048,1,M,FN,0.2,,7.2,2019-06-30T20:46:45Z,,,0.0,0.2,,0.36,,
upnorthnewswi.com,fake,0.047,1,M,FN,0.2,,6.8,2019-11-20T16:42:53Z,,,0.0,0.2,,0.34,,
upperdeltanews.com,fake,0.048,1,M,FN,0.2,,7.0,2019-09-05T20:13:39Z,0,,0.0,0.2,,0.35,,
upperpeninsulatimes.com,fake,0.041,1,M,FN,0.2,,4.6,2022-02-07T17:08:17Z,0,,0.0,0.2,,0.23,,
urdupoint.com,mixed,0.471,1,M,FN,0.2,13080,26.4,2000-05-02T20:13:49Z,0,,0.5,0.2,0.31,1.0,,
us.blastingnews.com,unreliable,0.226,1,,,,,14.3,2012-05-25T18:38:25Z,,,0.2,,,0.72,,
us24news.com,unreliable,0.197,1,L,FN,0.1,,8.6,2018-02-05T05:11:11Z,0,,0.2,0.1,,0.43,,
usa-radio.com,fake,0.025,1,,,,,9.9,2016-10-21T13:13:11Z,0,,0.0,,,0.49,,
usa-television.com,fake,0.021,1,,,,,8.2,2018-07-03T18:35:16Z,0,,0.0,,,0.41,,
usa2016elections.com,fake,0.0,1,,,,,,,,,0.0,,,,,
usacrime.com/hoodsite,mixed,0.455,1,M,FN,0.2,,,,,,0.5,0.2,,,,
usadailyinfo.com,fake,0.023,1,,,,,9.0,2017-09-15T19:09:50Z,0,,0.0,,,0.45,,
usadailypolitics.com,fake,0.019,1,,,,,7.6,2019-02-10T19:21:53Z,0,,0.0,,,0.38,,
usadailyreview.com,fake,0.0,1,VL,FN,0.0,,,,,,0.0,0.0,,,,
usadailytime.com,fake,0.0,1,,,,,,,,,0.0,,,,,
usadosenews.com,fake,0.0,1,,,,,,,,,0.0,,,,,
usafirstinformation.com,fake,0.0,1,,,,,,,,,0.0,,,,,
usahitman.com,fake,0.057,2,L,CP,0.1,,16.7,2010-01-18T21:46:18Z,,,0.0,0.1,,0.83,,
usainfobox.com,fake,0.0,1,,,,,,,,,0.0,,,,,
usaisonline.com,fake,0.015,1,VL,FN,0.0,,5.9,2020-11-01T16:08:56Z,,,0.0,0.0,,0.3,,
usamagazinestudio.com,fake,0.014,1,,,,,5.5,2021-03-09T20:49:03Z,,,0.0,,,0.28,,
usanewsflash.com,fake,0.021,1,,,,,8.5,2018-03-22T18:30:34Z,0,,0.0,,,0.42,,
usanewsinsider.com,fake,0.012,1,,,,,4.9,2021-10-16T01:00:23Z,,,0.0,,,0.25,,
usanewspolitics.com,fake,0.009,1,,,,,3.6,2023-02-23T14:04:53Z,0,,0.0,,,0.18,,
usanewstoday.com,fake,0.05,1,,,,,26.7,1999-12-27T21:01:45Z,0,,0.0,,,1.0,,
usaonlinepolitics.com,fake,0.0,1,,,,,,,,,0.0,,,,,
usaphase.com,fake,0.004,1,,,,,1.7,2025-01-14T09:45:41Z,,,0.0,,,0.08,,
usapolitics24hrs.com,fake,0.004,1,,,,,1.7,2025-01-08T14:59:12Z,,,0.0,,,0.08,,
usapoliticsnow.com,fake,0.026,1,,,,,10.5,2016-03-23T14:55:36Z,0,,0.0,,,0.53,,
usapoliticstoday.com,unreliable,0.21,1,,,,,7.8,2018-12-12T19:29:25Z,,,0.2,,,0.39,,
usapoliticszone.com,fake,0.0,1,,,,,,,,,0.0,,,,,
usareally.com,fake,0.006,1,VL,FN,0.0,,2.2,2024-06-19T18:34:40Z,0,,0.0,0.0,,0.11,,
usasnich.com,fake,0.0,1,,,,,,,,,0.0,,,,,
usasupreme.com,fake,0.026,2,VL,FN,0.0,,10.3,2016-05-13T21:16:44Z,,,0.0,0.0,,0.52,,
usatoday.com.co,fake,0.0,1,,,,,,,,,0.0,,,,,
usatodaynews.me,fake,0.0,1,,,,,,,,,0.0,,,,,
usatwentyfour.com,fake,0.019,1,,,,,7.6,2019-02-16T19:01:07Z,0,,0.0,,,0.38,,
usawatchdog.com,unreliable,0.221,2,L,CP,0.1,207344,21.6,2005-02-05T21:33:49Z,0,,0.2,0.1,0.11,1.0,,
usbacklash.org,fake,0.05,1,VL,FN,0.0,,22.1,2004-07-27T14:51:24Z,0,,0.0,0.0,,1.0,,
uschronicle.com,conspiracy,0.145,2,L,FN,0.1,,23.4,2003-04-15T18:07:42Z,,,0.1,0.1,,1.0,,
usconservativetoday.com,fake,0.019,1,,,,,7.7,2019-01-08T19:08:24Z,,,0.0,,,0.39,,
usdefensewatch.com,unreliable,0.219,1,,,,,11.5,2015-03-04T01:22:07Z,,,0.2,,,0.57,,
usfanzone.com,fake,0.0,1,,,,,,,,,0.0,,,,,
ushealthyadvisor.com,fake,0.02,1,,,,,8.0,2018-09-05T18:25:16Z,,,0.0,,,0.4,,
ushealthylife.com,fake,0.005,1,,,,,2.1,2024-08-23T18:29:13Z,,,0.0,,,0.11,,
usherald.com,fake,0.05,1,,,,,25.4,2001-04-04T05:02:18Z,,,0.0,,,1.0,,
usinfonews.com,fake,0.0,1,,,,,,,,,0.0,,,,,
uslibertywire.com,unreliable,0.182,1,L,FN,0.1,,2.7,2024-01-13T19:10:24Z,,,0.2,0.1,,0.14,,
uslifetoday.com,unreliable,0.2,1,,,,,,,,,0.2,,,,,
uspoliticslive.com,fake,0.0,1,,,,,,,,,0.0,,,,,
uspoln.com,fake,0.0,1,,,,,,,,,0.0,,,,,
uspostman.com,fake,0.025,1,,,,,9.8,2016-11-20T13:03:39Z,0,,0.0,,,0.49,,
ussanews.com,fake,0.062,1,L,FN,0.1,223655,16.5,2010-03-04T18:19:02Z,,,0.0,0.1,0.11,0.82,,
usuncut.com,unreliable,0.233,1,,,,429231,20.2,2006-07-10T11:56:28Z,0,,0.2,,0.06,1.0,,
usviewer.com,fake,0.009,1,,,,,3.7,2023-01-05T19:20:13Z,,,0.0,,,0.18,,
vacationlandtimes.com,mixed,0.448,1,M,FN,0.2,,7.2,2019-06-30T20:46:48Z,0,,0.5,0.2,,0.36,,
vaccinedamage.news,fake,0.028,1,VL,CP,0.0,,11.2,2015-07-15T17:00:15.27Z,0,,0.0,0.0,,0.56,,
vaccineimpact.com,fake,0.034,1,VL,CP,0.0,299387,12.0,2014-09-26T18:28:07Z,0,,0.0,0.0,0.09,0.6,,
vaccineinjurynews.com,fake,0.028,1,VL,CP,0.0,,11.3,2015-06-10T20:40:05Z,0,,0.0,0.0,,0.57,,
vaccinepapers.org,unreliable,0.204,1,L,CP,0.1,,11.6,2015-02-12T03:49:52.998Z,,,0.2,0.1,,0.58,,
vaccines.news,fake,0.137,1,VL,CP,0.0,739751,11.2,2015-07-10T17:00:00.113Z,3,,0.0,0.0,0.02,0.56,0.72,
vaccinesafety.info,fake,0.014,1,VL,CP,0.0,,5.7,2021-01-16T04:05:14.005Z,,,0.0,0.0,,0.29,,
vaccinesandchristianity.org,fake,0.019,1,VL,CP,0.0,,7.7,2019-01-20T04:10:47.671Z,0,,0.0,0.0,,0.39,,
vaccinesrevealed.com,fake,0.025,1,VL,CP,0.0,,9.8,2016-11-11T14:34:04Z,,,0.0,0.0,,0.49,,
vactruth.com,unreliable,0.21,1,L,CP,0.1,558541,17.3,2009-05-11T11:48:39Z,,,0.2,0.1,0.04,0.86,,
vadogwood.com,fake,0.049,1,M,FN,0.2,,7.5,2019-03-14T17:59:29Z,,,0.0,0.2,,0.38,,
valeursactuelles.com,mixed,0.466,1,M,FN,0.2,42478,28.1,1998-07-24T04:00:00Z,,,0.5,0.2,0.23,1.0,,
valleygazette.org,fake,0.041,1,M,FN,0.2,,4.6,2022-02-07T16:39:19.663Z,0,,0.0,0.2,,0.23,,
vancouvertimes.org,fake,0.036,1,M,FN,0.2,,2.5,2024-02-28T15:15:26.527Z,0,,0.0,0.2,,0.12,,
vaxxter.com,unreliable,0.203,1,L,CP,0.1,,11.0,2015-10-02T00:17:45Z,0,,0.2,0.1,,0.55,,
vdare.com,unreliable,0.221,2,L,FN,0.1,168266,26.9,1999-10-25T23:36:00Z,,,0.2,0.1,0.13,1.0,,
veracruzdailypost.com,mixed,0.445,1,M,FN,0.2,,6.0,2020-09-01T21:51:01Z,0,,0.5,0.2,,0.3,,
verdugosnews.com,fake,0.048,1,M,FN,0.2,,7.0,2019-08-30T15:05:18Z,,,0.0,0.2,,0.35,,
vernoncoleman.org,fake,0.027,1,VL,CP,0.0,,10.6,2016-02-06T02:40:18.085Z,0,,0.0,0.0,,0.53,,
veteransnewsnow.com,unreliable,0.228,1,,,,,15.2,2011-06-21T18:40:07Z,,,0.2,,,0.76,,
veteranstoday.com,fake,0.059,2,VL,CP,0.0,85704,22.2,2004-07-14T19:42:31Z,,,0.0,0.0,0.18,1.0,,
victorvalleytimes.com,fake,0.048,1,M,FN,0.2,,7.0,2019-08-30T15:05:30Z,0,,0.0,0.2,,0.35,,
vidmax.com,unreliable,0.22,1,L,FN,0.1,278795,22.9,2003-10-11T18:17:21Z,,,0.2,0.1,0.09,1.0,,
vigilantcitizen.com,fake,0.066,2,L,CP,0.1,145135,17.8,2008-11-20T15:23:11Z,,,0.0,0.1,0.14,0.89,,
viralactions.com,fake,0.002,1,,,,,0.9,2025-10-11T18:25:53Z,0,,0.0,,,0.04,,
viralhatch.com,unreliable,0.205,1,L,FN,0.1,,12.1,2014-08-05T13:23:59Z,,,0.2,0.1,,0.6,,
viralliberty.com,fake,0.011,1,,,,,4.4,2022-04-07T18:15:22Z,0,,0.0,,,0.22,,
viralnewsnetwork.net,unreliable,0.198,1,L,CP,0.1,,9.3,2017-06-13T12:35:03Z,,,0.2,0.1,,0.47,,
viraltube.nl,unreliable,0.2,1,,,,,,,,,0.2,,,,,
visiontimes.com,fake,0.086,1,M,FN,0.2,210949,22.7,2003-12-31T19:20:10Z,0,,0.0,0.2,0.11,1.0,,
votefraud.news,fake,0.024,1,VL,CP,0.0,,9.6,2017-01-27T17:19:52.977Z,,,0.0,0.0,,0.48,,
voxtribune.com,fake,0.022,1,,,,,8.7,2018-01-15T19:49:23Z,0,,0.0,,,0.43,,
vz.ru,mixed,0.52,1,M,FN,0.2,13893,,,1,,0.5,0.2,0.31,,1.0,
wakeup-world.com,unreliable,0.209,1,L,CP,0.1,233239,15.4,2011-05-06T14:08:10Z,,,0.2,0.1,0.11,0.77,,
wakeupthesheep.com,conspiracy,0.126,1,,,,,12.3,2014-05-26T03:15:03Z,,,0.1,,,0.61,,
wakingtimes.com,fake,0.058,2,L,CP,0.1,222661,14.9,2011-10-28T23:20:24Z,,,0.0,0.1,0.11,0.74,,
wakingupwisconsin.com,conspiracy,0.097,1,,,,,0.8,2025-12-11T19:20:54Z,,,0.1,,,0.04,,
wallbuilders.com,unreliable,0.22,1,L,FN,0.1,281759,26.7,1999-12-28T21:59:53Z,0,,0.2,0.1,0.09,1.0,,
wallstreetonparade.com,unreliable,0.224,1,,,,286796,15.7,2010-12-31T23:03:49Z,,,0.2,,0.09,0.78,,
warnerrobinstoday.com,fake,0.048,1,M,FN,0.2,,7.0,2019-09-05T20:13:35Z,0,,0.0,0.2,,0.35,,
waronfakes.com,fake,0.011,1,VL,FN,0.0,,4.5,2022-03-01T08:09:35Z,,,0.0,0.0,,0.23,,
warrenclintonnews.com,fake,0.048,1,M,FN,0.2,,7.2,2019-06-30T20:46:41Z,0,,0.0,0.2,,0.36,,
warrensun.com,fake,0.048,1,M,FN,0.2,,7.2,2019-06-30T20:46:19Z,,,0.0,0.2,,0.36,,
washingtonexaminer.com,unreliable,0.306,1,,,,7950,20.5,2006-04-02T18:07:10Z,5,,0.2,,0.35,1.0,0.59,
washingtonfed.com,fake,0.002,1,,,,,0.6,2026-01-25T20:09:01Z,0,,0.0,,,0.03,,
washingtonpost.com.co,fake,0.0,1,,,,,,,,,0.0,,,,,
washingtonsblog.com,conspiracy,0.141,1,,,,128945,17.5,2009-03-19T07:02:58Z,,,0.1,,0.15,0.88,,
washingtonsources.org,mixed,0.446,1,M,FN,0.2,,6.3,2020-06-10T14:12:14.839Z,0,,0.5,0.2,,0.32,,
washingtontimes.com,mixed,0.474,1,M,FN,0.2,5202,28.0,1998-09-14T04:00:00Z,,,0.5,0.2,0.38,1.0,,
washoegazette.com,fake,0.041,1,M,FN,0.2,,4.6,2022-02-07T17:08:12Z,0,,0.0,0.2,,0.23,,
washoenews.com,fake,0.048,1,M,FN,0.2,,7.0,2019-09-04T20:54:35Z,0,,0.0,0.2,,0.35,,
waterfordtoday.com,fake,0.048,1,M,FN,0.2,,7.2,2019-06-30T20:46:38Z,0,,0.0,0.2,,0.36,,
waterfordwhispersnews.com,satire,0.314,1,,,,487605,16.6,2010-02-24T11:44:02Z,,,0.3,,0.05,0.83,,
waterlootimes.com,fake,0.048,1,M,FN,0.2,,7.2,2019-06-30T20:46:28Z,0,,0.0,0.2,,0.36,,
wattsupwiththat.com,unreliable,0.344,1,L,CP,0.1,45516,19.1,2007-08-11T22:35:14Z,1,,0.2,0.1,0.22,0.96,1.0,
waynecountytoday.com,mixed,0.448,1,M,FN,0.2,,7.2,2019-06-30T20:46:41Z,,,0.5,0.2,,0.36,,
waynedupree.com,unreliable,0.21,1,L,FN,0.1,,14.0,2012-09-10T14:27:33Z,0,,0.2,0.1,,0.7,,
wayneherald.org,fake,0.04,1,M,FN,0.2,,4.1,2022-07-24T15:01:25.418Z,0,,0.0,0.2,,0.2,,
wcalabamanews.com,fake,0.048,1,M,FN,0.2,,7.0,2019-09-05T20:13:25Z,,,0.0,0.2,,0.35,,
wcgeorgianews.com,fake,0.048,1,M,FN,0.2,,7.0,2019-09-05T20:13:25Z,0,,0.0,0.2,,0.35,,
wcindiananews.com,fake,0.048,1,M,FN,0.2,,7.0,2019-09-05T20:13:29Z,,,0.0,0.2,,0.35,,
wciowanews.com,fake,0.048,1,M,FN,0.2,,7.2,2019-06-30T20:46:33Z,0,,0.0,0.2,,0.36,,
wcmichigannews.com,fake,0.048,1,M,FN,0.2,,7.2,2019-06-30T20:46:41Z,0,,0.0,0.2,,0.36,,
wcminnesotanews.com,fake,0.048,1,M,FN,0.2,,7.2,2019-07-03T17:53:19Z,0,,0.0,0.2,,0.36,,
wcmissnews.com,fake,0.047,1,M,FN,0.2,,6.9,2019-10-15T14:55:23Z,,,0.0,0.2,,0.35,,
wcmissourinews.com,fake,0.048,1,M,FN,0.2,,7.2,2019-07-03T17:53:22Z,,,0.0,0.2,,0.36,,
wcnewmexiconews.com,fake,0.048,1,M,FN,0.2,,7.0,2019-09-04T20:54:45Z,,,0.0,0.2,,0.35,,
wealthmanagementwire.com,fake,0.052,1,M,FN,0.2,,8.7,2017-12-20T15:44:38Z,0,,0.0,0.2,,0.43,,
wearechange.org,conspiracy,0.158,2,M,CP,0.2,331240,19.8,2006-11-13T16:36:12.447Z,0,,0.1,0.2,0.08,0.99,,
weaselzippers.us,unreliable,0.192,1,,,,546130,,,,,0.2,,0.04,,,
webdaily.com,fake,0.05,1,,,,,26.5,2000-03-07T11:54:38Z,,,0.0,,,1.0,,
weeklystandard.com,mixed,0.512,1,,,,36465,29.6,1997-02-11T05:00:00Z,,,0.5,,0.24,1.0,,
weeklyworldnews.com,fake,0.056,1,,,,175130,30.4,1996-04-14T04:00:00Z,0,,0.0,,0.13,1.0,,
weibo.com,mixed,0.484,1,M,FN,0.2,305,27.5,1999-03-20T05:00:00Z,,,0.5,0.2,0.59,1.0,,
wellnessachiever.net,mixed,0.441,1,M,CP,0.2,,4.4,2022-04-07T02:32:36Z,0,,0.5,0.2,,0.22,,
welovetrump.com,fake,0.028,1,VL,FN,0.0,380417,10.0,2016-09-17T19:51:41Z,0,,0.0,0.0,0.07,0.5,,
weshapelife.org,conspiracy,0.102,1,,,,,2.8,2023-11-11T15:15:42.757Z,,,0.1,,,0.14,,
westatlantanews.com,fake,0.048,1,M,FN,0.2,,7.0,2019-09-05T20:13:46Z,,,0.0,0.2,,0.35,,
westbanklanews.com,fake,0.048,1,M,FN,0.2,,7.0,2019-09-05T20:13:29Z,0,,0.0,0.2,,0.35,,
westcentralreporter.com,fake,0.057,1,M,FN,0.2,,10.6,2016-02-11T18:59:22Z,,,0.0,0.2,,0.53,,
westchesterreporter.com,fake,0.047,1,M,FN,0.2,,6.9,2019-10-15T14:55:27Z,0,,0.0,0.2,,0.35,,
westclevelandnews.com,fake,0.048,1,M,FN,0.2,,7.2,2019-06-30T20:46:38Z,0,,0.0,0.2,,0.36,,
westcontracostanews.com,fake,0.048,1,M,FN,0.2,,7.0,2019-08-30T15:05:44Z,0,,0.0,0.2,,0.35,,
westcooknews.com,fake,0.057,1,M,FN,0.2,,10.6,2016-01-27T18:55:59Z,0,,0.0,0.2,,0.53,,
westdsmnews.com,fake,0.048,1,M,FN,0.2,,7.2,2019-06-30T20:46:35Z,0,,0.0,0.2,,0.36,,
westeldoradonews.com,fake,0.048,1,M,FN,0.2,,7.0,2019-08-30T15:05:46Z,0,,0.0,0.2,,0.35,,
westernjournal.com/commentary,fake,0.0,1,VL,FN,0.0,,,,,,0.0,0.0,,,,
westernjournalism.com,unreliable,0.236,1,,,,203868,26.6,2000-02-22T21:09:59Z,0,,0.2,,0.12,1.0,,
westernndnews.com,fake,0.047,1,M,FN,0.2,,6.9,2019-10-15T14:55:11Z,0,,0.0,0.2,,0.35,,
westernwaynetoday.com,fake,0.048,1,M,FN,0.2,,7.2,2019-06-30T20:46:35Z,,,0.0,0.2,,0.36,,
westessexnews.com,fake,0.047,1,M,FN,0.2,,6.9,2019-10-15T14:55:16Z,,,0.0,0.2,,0.35,,
westflnews.com,fake,0.048,1,M,FN,0.2,,7.2,2019-07-03T17:53:21Z,,,0.0,0.2,,0.36,,
westhamiltonnews.com,fake,0.048,1,M,FN,0.2,,7.2,2019-06-30T20:46:04Z,,,0.0,0.2,,0.36,,
westhillsboroughnews.com,fake,0.048,1,M,FN,0.2,,7.2,2019-07-03T17:53:17Z,0,,0.0,0.2,,0.36,,
westhudvalleynews.com,fake,0.047,1,M,FN,0.2,,6.9,2019-10-15T14:55:20Z,0,,0.0,0.2,,0.35,,
westindynews.com,fake,0.048,1,M,FN,0.2,,7.0,2019-09-05T20:13:29Z,,,0.0,0.2,,0.35,,
westlakenormannews.com,fake,0.048,1,M,FN,0.2,,7.2,2019-06-30T20:46:40Z,0,,0.0,0.2,,0.36,,
westlatimes.com,fake,0.048,1,M,FN,0.2,,7.0,2019-08-30T15:05:48Z,,,0.0,0.2,,0.35,,
westlucasnews.com,fake,0.048,1,M,FN,0.2,,7.2,2019-06-30T20:46:30Z,0,,0.0,0.2,,0.36,,
westmassnews.com,fake,0.047,1,M,FN,0.2,,6.9,2019-10-15T14:55:09Z,0,,0.0,0.2,,0.35,,
westnynews.com,fake,0.047,1,M,FN,0.2,,6.9,2019-10-15T14:55:19Z,,,0.0,0.2,,0.35,,
westoctimes.com,fake,0.048,1,M,FN,0.2,,7.0,2019-08-30T15:05:28Z,,,0.0,0.2,,0.35,,
westonaprice.org,unreliable,0.226,1,L,CP,0.1,51866,27.1,1999-07-26T23:53:56.5Z,0,,0.2,0.1,0.21,1.0,,
westpennyroyalnews.com,fake,0.048,1,M,FN,0.2,,7.0,2019-09-04T20:54:48Z,,,0.0,0.2,,0.35,,
westsbvtimes.com,fake,0.048,1,M,FN,0.2,,7.0,2019-08-30T15:05:18Z,,,0.0,0.2,,0.35,,
westsfvtoday.com,fake,0.048,1,M,FN,0.2,,7.0,2019-08-30T15:05:25Z,0,,0.0,0.2,,0.35,,
westsgvnews.com,fake,0.048,1,M,FN,0.2,,7.0,2019-08-30T15:05:45Z,0,,0.0,0.2,,0.35,,
weststarknews.com,mixed,0.448,1,M,FN,0.2,,7.2,2019-06-30T20:45:49Z,0,,0.5,0.2,,0.36,,
westtwincities.com,fake,0.048,1,M,FN,0.2,,7.2,2019-07-03T17:53:22Z,0,,0.0,0.2,,0.36,,
westventuranews.com,fake,0.048,1,M,FN,0.2,,7.0,2019-08-30T15:05:48Z,0,,0.0,0.2,,0.35,,
westvolusianews.com,fake,0.048,1,M,FN,0.2,,7.2,2019-07-03T17:53:19Z,0,,0.0,0.2,,0.36,,
westwakenews.com,fake,0.048,1,M,FN,0.2,,7.2,2019-06-30T20:46:38Z,,,0.0,0.2,,0.36,,
wethepeopledaily.com,unreliable,0.194,1,L,FN,0.1,,7.6,2019-02-15T22:42:05Z,0,,0.2,0.1,,0.38,,
whale.to,unreliable,0.224,1,L,CP,0.1,79750,21.2,2005-07-18T19:02:31.000Z,0,,0.2,0.1,0.18,1.0,,
whatdoesitmean.com,conspiracy,0.145,1,,,,277812,22.8,2003-11-12T13:23:13Z,,,0.1,,0.09,1.0,,
whatreallyhappened.com,fake,0.059,2,VL,CP,0.0,76889,26.9,1999-10-11T20:43:48Z,,,0.0,0.0,0.19,1.0,,
whatstheharm.net,mixed,0.477,1,M,FN,0.2,,18.7,2008-01-21T17:23:07Z,,,0.5,0.2,,0.93,,
whitehouse.news,fake,0.178,1,VL,CP,0.0,,11.2,2015-07-14T18:26:52.167Z,1,,0.0,0.0,,0.56,1.0,
whitepower.com,conspiracy,0.145,1,,,,,27.5,1999-04-03T05:00:00Z,0,,0.1,,,1.0,,
whowhatwhy.com,unreliable,0.24,1,,,,,24.9,2001-10-19T19:38:15Z,,,0.2,,,1.0,,
whowhatwhy.org,conspiracy,0.139,1,,,,184902,17.3,2009-05-12T18:47:24.809Z,,,0.1,,0.12,0.86,,
whydontyoutrythis.com,fake,0.049,2,L,CP,0.1,,13.6,2013-02-08T20:58:27Z,0,,0.0,0.1,,0.68,,
wicatholictribune.com,fake,0.046,1,M,FN,0.2,,6.6,2020-02-06T18:40:37Z,,,0.0,0.2,,0.33,,
wichitastandard.com,fake,0.048,1,M,FN,0.2,,7.0,2019-09-05T20:13:44Z,0,,0.0,0.2,,0.35,,
wikileaks.com,unreliable,0.232,1,,,,479574,19.7,2007-01-04T00:31:48Z,,,0.2,,0.05,0.98,,
wikileaks.org,unreliable,0.246,1,,,,10887,19.9,2006-10-04T05:54:19.057Z,,,0.2,,0.33,0.99,,
wikispooks.com,conspiracy,0.154,2,M,CP,0.2,113474,16.5,2010-04-01T15:18:34Z,0,,0.1,0.2,0.16,0.82,,
willcountygazette.com,fake,0.056,1,M,FN,0.2,,10.5,2016-03-23T08:28:48Z,0,,0.0,0.2,,0.53,,
williambanzai7.blogspot.com,satire,0.335,1,,,,,26.1,2000-07-31T21:38:58Z,0,,0.3,,,1.0,,
willyloman.wordpress.com,conspiracy,0.145,1,,,,,26.5,2000-03-03T12:13:23Z,0,,0.1,,,1.0,,
winecountrytimes.com,fake,0.048,1,M,FN,0.2,,7.0,2019-08-30T15:05:40Z,0,,0.0,0.2,,0.35,,
winepressnews.com,unreliable,0.181,1,L,CP,0.1,714145,5.9,2020-11-08T23:36:12Z,,,0.2,0.1,0.02,0.3,,
winkprogress.com,satire,0.287,1,,,,,0.9,2025-10-13T18:05:41Z,,,0.3,,,0.04,,
winningdemocrats.com,unreliable,0.217,1,,,,,11.0,2015-09-02T18:11:44Z,0,,0.2,,,0.55,,
winstonsalemtimes.com,fake,0.048,1,M,FN,0.2,,7.2,2019-06-30T20:46:06Z,0,,0.0,0.2,,0.36,,
winterwatch.net,fake,0.02,1,VL,CP,0.0,883599,8.0,2018-09-10T15:11:47Z,0,,0.0,0.0,0.01,0.4,,
wiregrasstimes.com,fake,0.048,1,M,FN,0.2,,7.0,2019-09-05T20:13:48Z,0,,0.0,0.2,,0.35,,
wisconsindailystar.com,fake,0.044,1,M,FN,0.2,,5.7,2021-01-09T13:40:55Z,,,0.0,0.2,,0.29,,
wisconsinindependent.com,fake,0.056,1,M,FN,0.2,,10.5,2016-03-16T18:11:29Z,0,,0.0,0.2,,0.53,,
wisconsinlaketimes.com,fake,0.04,1,M,FN,0.2,,4.1,2022-07-25T15:35:06Z,0,,0.0,0.2,,0.2,,
wisevoter.com,mixed,0.459,1,M,FN,0.2,331823,21.4,2005-04-28T21:26:06Z,0,,0.5,0.2,0.08,1.0,,
witscience.org,satire,0.316,1,,,,,12.3,2014-05-16T21:05:25.934Z,,,0.3,,,0.61,,
wnd.com,fake,0.079,2,L,FN,0.1,20908,28.0,1998-09-23T04:00:00Z,,,0.0,0.1,0.28,1.0,,
wndnewscenter.org,unreliable,0.194,1,L,FN,0.1,,7.6,2019-01-31T05:48:25.295Z,,,0.2,0.1,,0.38,,
wolfstreet.com,unreliable,0.226,1,,,,97513,15.1,2011-08-23T18:29:25Z,0,,0.2,,0.17,0.76,,
womenarehuman.com,mixed,0.451,1,M,FN,0.2,,8.3,2018-06-02T02:34:40Z,,,0.5,0.2,,0.42,,
wonkie.com,satire,0.335,1,,,,,26.2,2000-07-21T14:47:32Z,0,,0.3,,,1.0,,
worldaffairs.blog,mixed,0.454,1,M,CP,0.2,,9.7,2017-01-08T20:55:33Z,,,0.5,0.2,,0.48,,
worldaffairsbrief.com,fake,0.05,1,VL,CP,0.0,,22.4,2004-04-06T04:08:48Z,,,0.0,0.0,,1.0,,
worldcouncilforhealth.org,fake,0.016,1,VL,CP,0.0,412909,5.0,2021-09-01T17:41:46.945Z,0,,0.0,0.0,0.06,0.25,,
worlddoctorsalliance.com,fake,0.002,1,VL,CP,0.0,,0.8,2025-12-02T19:05:28Z,0,,0.0,0.0,,0.04,,
worldgreynews.com,fake,0.023,1,VL,FN,0.0,,9.0,2017-09-14T08:31:38Z,0,,0.0,0.0,,0.45,,
worldhealth.net,unreliable,0.221,1,L,CP,0.1,172378,31.5,1995-03-09T05:00:00Z,,,0.2,0.1,0.13,1.0,,
worldnewsdailyreport.com,satire,0.307,1,,,,286132,12.9,2013-11-02T21:39:00Z,0,,0.3,,0.09,0.65,,
worldnewsera.com,mixed,0.423,1,M,FN,0.2,590840,6.4,2020-04-11T06:37:25Z,0,,0.5,0.2,0.04,0.32,,
worldnewspolitics.com,unreliable,0.194,2,L,FN,0.1,,7.6,2019-02-19T19:26:00Z,0,,0.2,0.1,,0.38,,
worldofbuzz.com,mixed,0.445,1,M,FN,0.2,155161,13.2,2013-07-21T11:03:15Z,0,,0.5,0.2,0.13,0.66,,
worldpoliticsnow.com,fake,0.009,1,,,,,3.7,2023-01-12T05:52:20Z,,,0.0,,,0.18,,
worldpoliticsus.com,fake,0.0,1,,,,,,,,,0.0,,,,,
worldpoliticus.com,fake,0.031,1,L,FN,0.1,,6.3,2020-05-21T18:40:13Z,0,,0.0,0.1,,0.32,,
worldrumor.com,fake,0.02,1,,,,,7.8,2018-12-06T19:29:46Z,,,0.0,,,0.39,,
worldstarhiphop.com,mixed,0.468,1,M,FN,0.2,30605,21.1,2005-08-09T19:44:10Z,0,,0.5,0.2,0.25,1.0,,
worldstoriestoday.com,fake,0.0,1,,,,,,,,,0.0,,,,,
worldtimetodays.com,fake,0.041,1,M,FN,0.2,,4.6,2022-02-21T12:39:04Z,,,0.0,0.2,,0.23,,
worldtribune.com,unreliable,0.223,1,L,FN,0.1,123264,28.5,1998-03-18T05:00:00Z,0,,0.2,0.1,0.15,1.0,,
worldtruth.tv,fake,0.039,2,VL,CP,0.0,574806,14.8,2011-12-10T18:14:21Z,0,,0.0,0.0,0.04,0.74,,
worldviewweekend.com,fake,0.051,1,VL,CP,0.0,664087,26.2,2000-07-19T22:49:41Z,,,0.0,0.0,0.03,1.0,,
worldwidehealthy.com,unreliable,0.2,1,,,,,,,,,0.2,,,,,
wtoe5news.com,fake,0.007,1,,,,,3.0,2023-09-13T18:17:29Z,0,,0.0,,,0.15,,
wundergroundmusic.com,satire,0.318,1,,,,,13.2,2013-06-25T20:32:50Z,,,0.3,,,0.66,,
www.rt.com,mixed,0.5,1,,,,,,,0,,0.5,,,,,
www1.cbn.com,mixed,0.48,1,M,CP,0.2,,31.1,1995-08-18T04:00:00Z,,,0.5,0.2,,1.0,,
wyandottetimes.com,fake,0.048,1,M,FN,0.2,,7.0,2019-09-05T20:13:35Z,0,,0.0,0.2,,0.35,,
x22report.com,conspiracy,0.131,2,L,CP,0.1,150578,13.6,2013-02-25T13:38:51Z,0,,0.1,0.1,0.14,0.68,,
xinhuanet.com,mixed,0.478,1,M,FN,0.2,1904,26.4,2000-04-28T08:10:03Z,,,0.5,0.2,0.45,1.0,,
yadkinvalleynews.com,fake,0.048,1,M,FN,0.2,,7.2,2019-06-30T20:46:31Z,,,0.0,0.2,,0.36,,
yaliberty.org,unreliable,0.21,1,L,FN,0.1,987229,17.8,2008-11-26T21:58:46.579Z,,,0.2,0.1,0.0,0.89,,
yavapainews.com,fake,0.048,1,M,FN,0.2,,7.2,2019-07-03T17:53:27Z,0,,0.0,0.2,,0.36,,
yellowhammernews.com,mixed,0.49,1,,,,173638,13.3,2013-05-20T23:15:10Z,0,,0.5,,0.13,0.67,,
yellowhammertimes.com,fake,0.048,1,M,FN,0.2,,7.0,2019-09-05T20:13:32Z,0,,0.0,0.2,,0.35,,
yellowstonetimes.com,fake,0.048,1,M,FN,0.2,,7.2,2019-06-30T20:46:04Z,0,,0.0,0.2,,0.36,,
yesimright.com,fake,0.045,2,L,FN,0.1,,12.1,2014-08-27T03:47:26Z,0,,0.0,0.1,,0.6,,
youm7.com,mixed,0.475,1,M,FN,0.2,1918,18.8,2007-12-03T18:47:38Z,,,0.5,0.2,0.45,0.94,,
youngcons.com,unreliable,0.227,1,,,,,14.7,2011-12-30T14:21:20Z,0,,0.2,,,0.73,,
youngstowntimes.com,fake,0.048,1,M,FN,0.2,,7.2,2019-06-30T20:46:38Z,0,,0.0,0.2,,0.36,,
yourfunpage.com,fake,0.0,1,,,,,,,,,0.0,,,,,
yournationnews.com,unreliable,0.218,1,,,,,11.3,2015-05-15T14:58:12Z,,,0.2,,,0.57,,
yournews.com,mixed,0.461,1,M,FN,0.2,177655,30.2,1996-06-25T04:00:00Z,0,,0.5,0.2,0.13,1.0,,
yournewswire.com,fake,0.113,2,L,CP,0.1,210524,12.1,2014-08-04T22:30:28Z,10,,0.0,0.1,0.11,0.6,0.41,
yourtango.com,mixed,0.468,1,M,CP,0.2,12264,18.9,2007-10-10T05:26:33Z,,,0.5,0.2,0.32,0.94,,
yubasuttertimes.com,fake,0.048,1,M,FN,0.2,,7.0,2019-08-30T15:05:47Z,0,,0.0,0.2,,0.35,,
yumastandard.com,fake,0.041,1,M,FN,0.2,,4.6,2022-02-07T16:55:33Z,,,0.0,0.2,,0.23,,
z3news.com,fake,0.038,1,VL,FN,0.0,,15.1,2011-07-31T21:49:24Z,0,,0.0,0.0,,0.76,,
zacatecaspost.com,mixed,0.445,1,M,FN,0.2,,6.0,2020-09-01T21:51:04Z,,,0.5,0.2,,0.3,,
zenith.news,unreliable,0.198,1,L,FN,0.1,,9.2,2017-06-26T18:06:23.487Z,,,0.2,0.1,,0.46,,
zerohedge.com,conspiracy,0.152,2,L,CP,0.1,8204,17.7,2009-01-11T17:14:37Z,0,,0.1,0.1,0.35,0.89,,
zootfeed.com,conspiracy,0.121,1,,,,,10.3,2016-05-24T20:01:55Z,0,,0.1,,,0.52,,
